"","RMSE","MaxE","iterations","size","train_set"
"1",0.0455272096307774,0.150439251639504,"5","68","1"
"2",0.047389073063497,0.16781840550487,"10","68","1"
"3",0.0480018969028734,0.171447961568843,"15","68","1"
"4",0.0486119675333398,0.173204283991872,"20","68","1"
"5",0.0487702895393347,0.172871757049956,"25","68","1"
"6",0.0449006836531401,0.154187256966563,"5","69","1"
"7",0.0469114099234148,0.166740581504251,"10","69","1"
"8",0.0475398372968227,0.169108218511665,"15","69","1"
"9",0.0483856060115731,0.172905746683732,"20","69","1"
"10",0.0487174413942473,0.173328015250399,"25","69","1"
"11",0.0443942304209309,0.148575164528198,"5","70","1"
"12",0.0467305594427373,0.164512422829961,"10","70","1"
"13",0.0473936230991056,0.168495480829322,"15","70","1"
"14",0.0481746436846987,0.174990889807697,"20","70","1"
"15",0.048507113913487,0.175123843141538,"25","70","1"
"16",0.0434008008300769,0.144097142908748,"5","71","1"
"17",0.0460935070123794,0.161054100262913,"10","71","1"
"18",0.0470665554408615,0.167457422038651,"15","71","1"
"19",0.0477396922413198,0.17572533786525,"20","71","1"
"20",0.0481585545514724,0.180410813176256,"25","71","1"
"21",0.0432228259757676,0.143597232998108,"5","72","1"
"22",0.045867328773822,0.162050282618355,"10","72","1"
"23",0.0466214941777029,0.169772831358825,"15","72","1"
"24",0.0471297988705669,0.179334744228302,"20","72","1"
"25",0.0476532161631181,0.184107865866633,"25","72","1"
"26",0.0433459935357984,0.148133076324414,"5","73","1"
"27",0.0451930327054896,0.15848617265234,"10","73","1"
"28",0.0460918933592717,0.168314135495039,"15","73","1"
"29",0.0467791643418073,0.176610353866661,"20","73","1"
"30",0.0471128958263241,0.182584156171882,"25","73","1"
"31",0.0439058667474514,0.15042509682745,"5","74","1"
"32",0.0450918188735141,0.157190590328612,"10","74","1"
"33",0.0456818883313365,0.168764479120469,"15","74","1"
"34",0.0466989484501119,0.177169401123135,"20","74","1"
"35",0.0472601266258182,0.1833130145541,"25","74","1"
"36",0.0471470954666343,0.177179668289485,"5","75","1"
"37",0.0473883643505706,0.174724083088618,"10","75","1"
"38",0.0479230883679712,0.17965857836687,"15","75","1"
"39",0.0482915725705064,0.186462306598859,"20","75","1"
"40",0.0485064382733799,0.191009489918898,"25","75","1"
"41",0.0471108027653611,0.183594867255973,"5","76","1"
"42",0.0474298699272233,0.180025526752861,"10","76","1"
"43",0.0471783736750222,0.186498640629257,"15","76","1"
"44",0.0477473363733104,0.191014414437078,"20","76","1"
"45",0.0479031080751798,0.19464522870916,"25","76","1"
"46",0.04590496711845,0.186748623913838,"5","77","1"
"47",0.0471474024026903,0.1843416646577,"10","77","1"
"48",0.0471783726002136,0.190909736305437,"15","77","1"
"49",0.0475105652168656,0.195332646303841,"20","77","1"
"50",0.0475992265509195,0.198544463444731,"25","77","1"
"51",0.0459595234298129,0.189849808659997,"5","78","1"
"52",0.0469869564008013,0.184095854583243,"10","78","1"
"53",0.0468300021429594,0.192372064044851,"15","78","1"
"54",0.0468846093876966,0.196358418731096,"20","78","1"
"55",0.0472058928954084,0.199804756971487,"25","78","1"
"56",0.0472102087539561,0.189201320934496,"5","79","1"
"57",0.0476138364739402,0.188140383611148,"10","79","1"
"58",0.0472137671340951,0.195097460120595,"15","79","1"
"59",0.0471503944142493,0.198761870006004,"20","79","1"
"60",0.0471530456866033,0.201466645483959,"25","79","1"
"61",0.035655032113895,0.116214927844989,"5","68","2"
"62",0.0372085265996354,0.118058321854053,"10","68","2"
"63",0.0358837920176311,0.113608282051176,"15","68","2"
"64",0.035756269605874,0.117156132848351,"20","68","2"
"65",0.035693858574481,0.116969824147933,"25","68","2"
"66",0.0356506208430936,0.117012342462567,"5","69","2"
"67",0.0359958747417037,0.118528120771733,"10","69","2"
"68",0.0350269346342066,0.113643770655947,"15","69","2"
"69",0.0348347031375938,0.119535736341325,"20","69","2"
"70",0.0349648591279783,0.119159611005296,"25","69","2"
"71",0.0353465980610136,0.113271970418367,"5","70","2"
"72",0.0359046241062207,0.11444719159548,"10","70","2"
"73",0.0349128463338978,0.111670231727232,"15","70","2"
"74",0.0349652365301209,0.115392138468524,"20","70","2"
"75",0.035081168362347,0.114064909245568,"25","70","2"
"76",0.0366734898110268,0.134108436900239,"5","71","2"
"77",0.0366536249664099,0.123248742693166,"10","71","2"
"78",0.0353931934443555,0.118223814711224,"15","71","2"
"79",0.0349896925455338,0.11439813216914,"20","71","2"
"80",0.0349377406831344,0.115233899709918,"25","71","2"
"81",0.0356351622217265,0.130852663768328,"5","72","2"
"82",0.0366634366732482,0.130952380047213,"10","72","2"
"83",0.0351330741126607,0.124400315767161,"15","72","2"
"84",0.0342923285055151,0.115732650371262,"20","72","2"
"85",0.0343355311033969,0.111966046196067,"25","72","2"
"86",0.0360751161154063,0.130603614233845,"5","73","2"
"87",0.0366163034938657,0.121233256560959,"10","73","2"
"88",0.0350170920538214,0.11854014392695,"15","73","2"
"89",0.0343357489158396,0.113102261610272,"20","73","2"
"90",0.0345476023505074,0.114311712201285,"25","73","2"
"91",0.0372817479927574,0.124829539219136,"5","74","2"
"92",0.036728737637817,0.122725157964407,"10","74","2"
"93",0.0350943302734638,0.118325632819982,"15","74","2"
"94",0.034272772420465,0.110956694754734,"20","74","2"
"95",0.0344772682853724,0.112514918133988,"25","74","2"
"96",0.0368339852162425,0.121682056196287,"5","75","2"
"97",0.0367574683699721,0.122757730734758,"10","75","2"
"98",0.0353826444380738,0.11902832775467,"15","75","2"
"99",0.034726820047007,0.112896844518958,"20","75","2"
"100",0.0348632766406897,0.114546416352536,"25","75","2"
"101",0.0344205551005739,0.112905213619857,"5","76","2"
"102",0.0348497730556206,0.108198867051356,"10","76","2"
"103",0.0343843588046464,0.108598451680368,"15","76","2"
"104",0.0341657618842096,0.11424734566503,"20","76","2"
"105",0.0341865512459706,0.115113631709071,"25","76","2"
"106",0.0349278454868076,0.120923975395741,"5","77","2"
"107",0.0350113968486393,0.112358321763623,"10","77","2"
"108",0.0342840134792462,0.116319292695743,"15","77","2"
"109",0.034142662502515,0.120011650663719,"20","77","2"
"110",0.0342987566425821,0.119771337005556,"25","77","2"
"111",0.0355488342230043,0.116196616389913,"5","78","2"
"112",0.0352058497917941,0.11192528205898,"10","78","2"
"113",0.0348051604025519,0.109695506329624,"15","78","2"
"114",0.0344721457910252,0.115513350071322,"20","78","2"
"115",0.0347360991746183,0.115268269548151,"25","78","2"
"116",0.0352008212278287,0.123142010006127,"5","79","2"
"117",0.0354060035069767,0.117383514368842,"10","79","2"
"118",0.0350564856849036,0.120339821103964,"15","79","2"
"119",0.0350126185128668,0.123039029113636,"20","79","2"
"120",0.0351043790761388,0.123102352608753,"25","79","2"
"121",0.0540036156210619,0.187936930772158,"5","68","3"
"122",0.0531956689369909,0.184936839652624,"10","68","3"
"123",0.0523400629418372,0.182556919611471,"15","68","3"
"124",0.0484412072199112,0.165042106798077,"20","68","3"
"125",0.0474443629234561,0.160281916803566,"25","68","3"
"126",0.0514449544800773,0.178602382309115,"5","69","3"
"127",0.0520418348872112,0.178065922197256,"10","69","3"
"128",0.050363946900231,0.172191410634,"15","69","3"
"129",0.0478047750077632,0.162513511395609,"20","69","3"
"130",0.0470313250390554,0.159348923321783,"25","69","3"
"131",0.0515248985899257,0.179684109659733,"5","70","3"
"132",0.05210975032244,0.17996686701708,"10","70","3"
"133",0.0503230062905409,0.173087595391655,"15","70","3"
"134",0.0482090425085333,0.164407773150622,"20","70","3"
"135",0.04698295162601,0.159195659858823,"25","70","3"
"136",0.0497916891588564,0.16748065797884,"5","71","3"
"137",0.0513750301044054,0.175136821716779,"10","71","3"
"138",0.0511910754739401,0.17499460117077,"15","71","3"
"139",0.0493811345658208,0.168487479492932,"20","71","3"
"140",0.0489802380331856,0.168862528059928,"25","71","3"
"141",0.0507492376048158,0.169753725168844,"5","72","3"
"142",0.0522762637161081,0.179775714336927,"10","72","3"
"143",0.0513488253782321,0.175136575392508,"15","72","3"
"144",0.0493017919100295,0.167660130396448,"20","72","3"
"145",0.0489204985931297,0.167664574599596,"25","72","3"
"146",0.0505515112766527,0.16379663175513,"5","73","3"
"147",0.050699912372835,0.171852429993128,"10","73","3"
"148",0.0505844941988662,0.172489565856629,"15","73","3"
"149",0.0488125848019633,0.167079470609587,"20","73","3"
"150",0.0484776551969887,0.167105746293476,"25","73","3"
"151",0.0499190241886717,0.166023850463946,"5","74","3"
"152",0.0501300402140283,0.171418831214277,"10","74","3"
"153",0.0502057361289092,0.171061691457063,"15","74","3"
"154",0.0504368077095575,0.173353832343266,"20","74","3"
"155",0.05014120307595,0.172554692657591,"25","74","3"
"156",0.0510897654449784,0.167659761908615,"5","75","3"
"157",0.0503371260246189,0.16568319388152,"10","75","3"
"158",0.0508694435587729,0.169976569551442,"15","75","3"
"159",0.0510868805511641,0.173616879293566,"20","75","3"
"160",0.0505800132869484,0.170663504181275,"25","75","3"
"161",0.0494435812682728,0.16316279895466,"5","76","3"
"162",0.0483510451108445,0.16422777267122,"10","76","3"
"163",0.0491255834235748,0.164956655323331,"15","76","3"
"164",0.0495302961687772,0.165684863246689,"20","76","3"
"165",0.0492724880799075,0.163648341917479,"25","76","3"
"166",0.051341689565182,0.171366287653451,"5","77","3"
"167",0.050446353072206,0.166056183871074,"10","77","3"
"168",0.0506872301176476,0.16625374000602,"15","77","3"
"169",0.050783709810505,0.166500181162818,"20","77","3"
"170",0.0506355527459684,0.166052268705877,"25","77","3"
"171",0.0523389704924399,0.169910541884436,"5","78","3"
"172",0.0518290313976262,0.171915101118471,"10","78","3"
"173",0.0518109632980896,0.17042527895137,"15","78","3"
"174",0.0512994286666771,0.168213010482102,"20","78","3"
"175",0.0510347275571959,0.166724922462737,"25","78","3"
"176",0.0524843434348739,0.177545145760128,"5","79","3"
"177",0.0522089672052833,0.176377635327101,"10","79","3"
"178",0.0522677596256255,0.174516121193038,"15","79","3"
"179",0.0517450392287101,0.172506857583191,"20","79","3"
"180",0.051932642186098,0.173136584908344,"25","79","3"
"181",0.0448886394756417,0.214883773190702,"5","68","4"
"182",0.0431301071806852,0.203520952360228,"10","68","4"
"183",0.0432587678564695,0.198810785414045,"15","68","4"
"184",0.0426096343395099,0.19801324417722,"20","68","4"
"185",0.0419545491543962,0.192962833026305,"25","68","4"
"186",0.0444662456198687,0.215068064506839,"5","69","4"
"187",0.0428688634313936,0.203153680336828,"10","69","4"
"188",0.0429735656068738,0.199022006594968,"15","69","4"
"189",0.042608606266313,0.200170096066631,"20","69","4"
"190",0.0422039517715476,0.194995511739247,"25","69","4"
"191",0.0450787935665879,0.223863920458684,"5","70","4"
"192",0.0432823714760217,0.207896254474782,"10","70","4"
"193",0.0432358027578453,0.202507935362252,"15","70","4"
"194",0.0428136952138605,0.203889495179336,"20","70","4"
"195",0.0425392050570498,0.201300145191285,"25","70","4"
"196",0.0440268517467929,0.208179030159138,"5","71","4"
"197",0.0431944952425544,0.205182859447233,"10","71","4"
"198",0.0432995658319336,0.20489900070126,"15","71","4"
"199",0.0430540659353097,0.20740028008546,"20","71","4"
"200",0.0430340207345294,0.204700244827726,"25","71","4"
"201",0.0441571921051831,0.221813176428815,"5","72","4"
"202",0.0432975417851438,0.213455983435414,"10","72","4"
"203",0.0435984753201448,0.212302655887542,"15","72","4"
"204",0.0432379800055091,0.212669797550438,"20","72","4"
"205",0.0432259974740221,0.209425276612501,"25","72","4"
"206",0.0448306507258942,0.228856467855376,"5","73","4"
"207",0.0436114569319804,0.213582058630837,"10","73","4"
"208",0.0439945281108976,0.212982257799035,"15","73","4"
"209",0.0435835415945005,0.213274190677883,"20","73","4"
"210",0.0435236284178092,0.211114012523273,"25","73","4"
"211",0.0450440857872168,0.229033004272212,"5","74","4"
"212",0.043685242599405,0.213144876364814,"10","74","4"
"213",0.0443266443276074,0.215333035462856,"15","74","4"
"214",0.0440972235595108,0.215283732991985,"20","74","4"
"215",0.0440026974578899,0.213164159617756,"25","74","4"
"216",0.0454850076232032,0.234136716094389,"5","75","4"
"217",0.0442435978634132,0.21873087130561,"10","75","4"
"218",0.0448230203070838,0.219987622085472,"15","75","4"
"219",0.0446927802447204,0.217573573431549,"20","75","4"
"220",0.0443137431452513,0.215058760005163,"25","75","4"
"221",0.0455401309291143,0.234889090156108,"5","76","4"
"222",0.0453354021588306,0.227491333525399,"10","76","4"
"223",0.0458307043941581,0.229518845233929,"15","76","4"
"224",0.0456072348717865,0.225913684750225,"20","76","4"
"225",0.0451192631465005,0.223096883136571,"25","76","4"
"226",0.0457599716918051,0.239490600402992,"5","77","4"
"227",0.0454873582071271,0.229017234385249,"10","77","4"
"228",0.0460845572293516,0.231185317346275,"15","77","4"
"229",0.0460069956848049,0.229598541925761,"20","77","4"
"230",0.0455615236539548,0.22686509488199,"25","77","4"
"231",0.0459448214978114,0.234088892506354,"5","78","4"
"232",0.046059058717952,0.228895068573573,"10","78","4"
"233",0.0464769339198497,0.230831560514656,"15","78","4"
"234",0.04649976133682,0.23021810798833,"20","78","4"
"235",0.0458433468265557,0.226833036297069,"25","78","4"
"236",0.0475179283516791,0.236213792167381,"5","79","4"
"237",0.0471093730806473,0.232132608230271,"10","79","4"
"238",0.0473363147109114,0.232789517719175,"15","79","4"
"239",0.0472741787367536,0.232585448315428,"20","79","4"
"240",0.0472349948823072,0.232100332686285,"25","79","4"
"241",0.0497340855728239,0.176592309570928,"5","68","5"
"242",0.0483848831846211,0.171614215582287,"10","68","5"
"243",0.0475698938892634,0.169465480677772,"15","68","5"
"244",0.0477008753383386,0.181422446294472,"20","68","5"
"245",0.0476335273786396,0.182988092616005,"25","68","5"
"246",0.0499918115478554,0.182832337877249,"5","69","5"
"247",0.0483960043941865,0.171748009611592,"10","69","5"
"248",0.0474884408367086,0.169614432975067,"15","69","5"
"249",0.0476585301784267,0.180056203890167,"20","69","5"
"250",0.0474723931308661,0.180914800069849,"25","69","5"
"251",0.0502637429247409,0.178351201303272,"5","70","5"
"252",0.0484905380531255,0.171895354675933,"10","70","5"
"253",0.0476367119751325,0.171225904623768,"15","70","5"
"254",0.0477248576223807,0.180684249468392,"20","70","5"
"255",0.0476909399710389,0.182867054358724,"25","70","5"
"256",0.049822084025576,0.177955324210292,"5","71","5"
"257",0.0484913731163191,0.173570893774505,"10","71","5"
"258",0.0476299035896488,0.172342188821376,"15","71","5"
"259",0.0479703896927133,0.183222335126319,"20","71","5"
"260",0.0477504303488094,0.183551818357796,"25","71","5"
"261",0.0513990369252963,0.196425214918234,"5","72","5"
"262",0.0496162811958645,0.185239274281341,"10","72","5"
"263",0.0482057736947262,0.180083865998083,"15","72","5"
"264",0.0488555550416195,0.191451439950557,"20","72","5"
"265",0.0482393923228359,0.188384176968833,"25","72","5"
"266",0.0514182147641833,0.19750263794452,"5","73","5"
"267",0.0517001010854897,0.202811391463231,"10","73","5"
"268",0.0495653340633384,0.191670764196179,"15","73","5"
"269",0.0497472140404377,0.196181128978443,"20","73","5"
"270",0.048966532981159,0.192425037998212,"25","73","5"
"271",0.0516451577570697,0.201717326808339,"5","74","5"
"272",0.0518348322962683,0.201026598283816,"10","74","5"
"273",0.0495803246099594,0.18964288806093,"15","74","5"
"274",0.0500602478856446,0.193219876988451,"20","74","5"
"275",0.049582086336912,0.192187607780913,"25","74","5"
"276",0.0522910139658145,0.207300960069354,"5","75","5"
"277",0.0524212002602727,0.205386072132964,"10","75","5"
"278",0.0500910926042039,0.194726360379009,"15","75","5"
"279",0.0502447848555405,0.195609671339845,"20","75","5"
"280",0.0498574802054149,0.194354442860554,"25","75","5"
"281",0.052396150202225,0.208197602141523,"5","76","5"
"282",0.0512938516947542,0.200603847153336,"10","76","5"
"283",0.049585219972438,0.191217440281765,"15","76","5"
"284",0.0497039553261571,0.193973200702083,"20","76","5"
"285",0.0493770110365666,0.19211055952003,"25","76","5"
"286",0.0501001292627069,0.196990504929395,"5","77","5"
"287",0.0503219642389684,0.195390328070532,"10","77","5"
"288",0.0490142985137222,0.186463423695554,"15","77","5"
"289",0.0493289751812697,0.191501628146308,"20","77","5"
"290",0.0492571761825486,0.191002933267092,"25","77","5"
"291",0.0512750321779138,0.203367310553185,"5","78","5"
"292",0.0515663588494196,0.204265119756847,"10","78","5"
"293",0.0498505879598745,0.194189355889888,"15","78","5"
"294",0.0501569292430676,0.196727402611975,"20","78","5"
"295",0.0501754475701564,0.196107388936068,"25","78","5"
"296",0.052842829736082,0.216529916457197,"5","79","5"
"297",0.0527246307110682,0.214284188067291,"10","79","5"
"298",0.0514870143205804,0.206309719293895,"15","79","5"
"299",0.0514593740006355,0.205899623457314,"20","79","5"
"300",0.0510568235400185,0.203433010438635,"25","79","5"
"301",0.0369089784979056,0.110228271268588,"5","68","6"
"302",0.035986439285785,0.111665395421863,"10","68","6"
"303",0.0352648556453674,0.112407907351619,"15","68","6"
"304",0.0351683399849516,0.11649376666266,"20","68","6"
"305",0.0349203988850929,0.117228831534549,"25","68","6"
"306",0.036862882414536,0.114581235710221,"5","69","6"
"307",0.0358306238999464,0.109672230550672,"10","69","6"
"308",0.035265662478455,0.113262749449279,"15","69","6"
"309",0.0349552296180146,0.114724414475875,"20","69","6"
"310",0.0347426853042006,0.115894351245861,"25","69","6"
"311",0.0365627887012656,0.117647961546033,"5","70","6"
"312",0.0355682841503819,0.109797988355193,"10","70","6"
"313",0.0349169728131407,0.111290459303797,"15","70","6"
"314",0.034654250788257,0.11200356673951,"20","70","6"
"315",0.0346946640425021,0.115431998738017,"25","70","6"
"316",0.037043415870375,0.125575897638186,"5","71","6"
"317",0.0361615543222272,0.113000371114451,"10","71","6"
"318",0.0355399274000703,0.114894688047666,"15","71","6"
"319",0.0352898621088278,0.116786783317824,"20","71","6"
"320",0.0351706106691949,0.117995124332207,"25","71","6"
"321",0.0372220635605693,0.124742873152628,"5","72","6"
"322",0.0360151223297904,0.115555794376774,"10","72","6"
"323",0.0354341620691494,0.115365385206057,"15","72","6"
"324",0.0351169121457538,0.116839529667762,"20","72","6"
"325",0.0349854288712222,0.1181147151416,"25","72","6"
"326",0.0368031708389973,0.117772582010689,"5","73","6"
"327",0.0361537132613891,0.120048530076796,"10","73","6"
"328",0.0356429711160672,0.120584139181096,"15","73","6"
"329",0.0354028699565506,0.116271396699743,"20","73","6"
"330",0.035218477930306,0.11905765233459,"25","73","6"
"331",0.0368987932937715,0.118539451848935,"5","74","6"
"332",0.0361925262681613,0.12319595477028,"10","74","6"
"333",0.0357807073890325,0.121498678502692,"15","74","6"
"334",0.0355967754017606,0.115453179018776,"20","74","6"
"335",0.0353501175248548,0.120207402051806,"25","74","6"
"336",0.0366119902909644,0.117974489550746,"5","75","6"
"337",0.0360865188775398,0.124430063431952,"10","75","6"
"338",0.0357518490804333,0.121388350923587,"15","75","6"
"339",0.0356744708432938,0.120579851369003,"20","75","6"
"340",0.0356151426631244,0.124359645142739,"25","75","6"
"341",0.0364256903481898,0.115304981486909,"5","76","6"
"342",0.036109233340891,0.122250267245787,"10","76","6"
"343",0.035870959751065,0.120756729598162,"15","76","6"
"344",0.0358897595926981,0.120869082265023,"20","76","6"
"345",0.0357549712632197,0.124524786795359,"25","76","6"
"346",0.0368919476738843,0.118521310171478,"5","77","6"
"347",0.0365452194180857,0.125054813857111,"10","77","6"
"348",0.0361737027959457,0.123546796384169,"15","77","6"
"349",0.0361809270605894,0.123391378688507,"20","77","6"
"350",0.0362544899820406,0.126947835290506,"25","77","6"
"351",0.0375269553240424,0.124610400013925,"5","78","6"
"352",0.0371705677986696,0.127298147024468,"10","78","6"
"353",0.0367344972456642,0.125322286265275,"15","78","6"
"354",0.0367173977534737,0.123151164335169,"20","78","6"
"355",0.0368186550645699,0.126039172742414,"25","78","6"
"356",0.0381456040044801,0.129722580680984,"5","79","6"
"357",0.0375553865217645,0.129186636215404,"10","79","6"
"358",0.0371302832546625,0.126079005512595,"15","79","6"
"359",0.037114810165913,0.123383239257636,"20","79","6"
"360",0.0371055607012432,0.12325988798105,"25","79","6"
"361",0.0526596884404496,0.250166559777387,"5","68","7"
"362",0.0511662247615539,0.249410024026302,"10","68","7"
"363",0.0495724963388633,0.234987646575719,"15","68","7"
"364",0.0493186502104022,0.233288298081169,"20","68","7"
"365",0.0492417199773311,0.232722626244731,"25","68","7"
"366",0.0525256708900315,0.250305265445899,"5","69","7"
"367",0.0512688673930808,0.251533998701332,"10","69","7"
"368",0.0499787119826403,0.23852888881863,"15","69","7"
"369",0.0496090013999987,0.236900821084486,"20","69","7"
"370",0.0494038917820025,0.236484132863674,"25","69","7"
"371",0.0517343846531067,0.248122951882535,"5","70","7"
"372",0.0501319190425093,0.250311393633405,"10","70","7"
"373",0.0489502999140709,0.23661230659316,"15","70","7"
"374",0.0488073180669232,0.234880773826196,"20","70","7"
"375",0.0487321343552994,0.234545759557424,"25","70","7"
"376",0.0504281258974276,0.245624848195337,"5","71","7"
"377",0.0492825907934788,0.248257072055433,"10","71","7"
"378",0.0482642054743727,0.235493500284389,"15","71","7"
"379",0.0490533928260276,0.239467235831474,"20","71","7"
"380",0.048834187779119,0.238642638773195,"25","71","7"
"381",0.0489941780046511,0.246127186332497,"5","72","7"
"382",0.0469818477009517,0.239719738665066,"10","72","7"
"383",0.0469272353934944,0.230953569253221,"15","72","7"
"384",0.047951992352908,0.236336082311073,"20","72","7"
"385",0.0478872399687265,0.237205537877058,"25","72","7"
"386",0.0480877510812243,0.240591439054997,"5","73","7"
"387",0.0463718897096872,0.237938156586715,"10","73","7"
"388",0.0464621908411493,0.23121350787192,"15","73","7"
"389",0.0475449094243075,0.233469057051697,"20","73","7"
"390",0.0473881539735167,0.234634166802337,"25","73","7"
"391",0.0478164810501275,0.239853972812975,"5","74","7"
"392",0.0460850372608416,0.237214231105311,"10","74","7"
"393",0.0460783975375569,0.234062719342375,"15","74","7"
"394",0.0468400103144973,0.232127989190061,"20","74","7"
"395",0.0465584821528129,0.232950049417231,"25","74","7"
"396",0.0484848431774585,0.228400974021208,"5","75","7"
"397",0.0462913880249606,0.228435545054808,"10","75","7"
"398",0.0460072974252173,0.226861916922053,"15","75","7"
"399",0.0468858571944483,0.227209206681882,"20","75","7"
"400",0.0469909293560122,0.230828752096549,"25","75","7"
"401",0.0482639709987383,0.226188055666751,"5","76","7"
"402",0.0457328932899063,0.226880961331588,"10","76","7"
"403",0.0461420709005522,0.228373266459925,"15","76","7"
"404",0.0466053761534799,0.225836643102062,"20","76","7"
"405",0.0472537653320316,0.231456676557886,"25","76","7"
"406",0.0485763851765181,0.230126797721178,"5","77","7"
"407",0.0465693681135653,0.233439445505921,"10","77","7"
"408",0.0467064872600417,0.233223324540247,"15","77","7"
"409",0.0472911971688001,0.232659168443022,"20","77","7"
"410",0.0477684078378672,0.236705986314137,"25","77","7"
"411",0.0501660960177383,0.237603328973737,"5","78","7"
"412",0.049455665083112,0.245363646131558,"10","78","7"
"413",0.0478508277908148,0.238699826391206,"15","78","7"
"414",0.0480440775137324,0.236943740749705,"20","78","7"
"415",0.048485826335831,0.240637552784782,"25","78","7"
"416",0.0493178706961924,0.235723672438996,"5","79","7"
"417",0.0489446845943506,0.245514620482345,"10","79","7"
"418",0.0481152023091249,0.239566090585089,"15","79","7"
"419",0.0487893673085034,0.239579518553044,"20","79","7"
"420",0.0490320182466509,0.239435398739413,"25","79","7"
"421",0.0445268514643182,0.165108580963925,"5","68","8"
"422",0.0407817685932336,0.146361850670798,"10","68","8"
"423",0.0416302302587331,0.145417120505326,"15","68","8"
"424",0.0406679947470472,0.150593397388438,"20","68","8"
"425",0.0406687744105214,0.149735898905721,"25","68","8"
"426",0.0420849807064148,0.151514668338088,"5","69","8"
"427",0.0394992202400049,0.136595287459834,"10","69","8"
"428",0.0398678674104249,0.138459379115475,"15","69","8"
"429",0.0395345816075888,0.14613106980355,"20","69","8"
"430",0.039789635404081,0.146706774536358,"25","69","8"
"431",0.0403804956859549,0.142441766186909,"5","70","8"
"432",0.0392534038254095,0.135773656071128,"10","70","8"
"433",0.0398645313139451,0.138635993261196,"15","70","8"
"434",0.0393507268421941,0.143727484538171,"20","70","8"
"435",0.0395955191830437,0.142844391905186,"25","70","8"
"436",0.0396374045070675,0.128043891748732,"5","71","8"
"437",0.038896704943133,0.12782713132755,"10","71","8"
"438",0.0393497550867969,0.130214032196882,"15","71","8"
"439",0.0389982864472774,0.138368361311317,"20","71","8"
"440",0.0394201455591974,0.139745971355895,"25","71","8"
"441",0.0400301425441387,0.140505703283447,"5","72","8"
"442",0.0392458079100586,0.138871393953645,"10","72","8"
"443",0.0395535847547517,0.138362744493483,"15","72","8"
"444",0.0390870812693344,0.137249224984501,"20","72","8"
"445",0.0394866155351989,0.137216623453027,"25","72","8"
"446",0.039920976557558,0.138979181345717,"5","73","8"
"447",0.0396789057213057,0.135488110978593,"10","73","8"
"448",0.0401511494595265,0.14034582855066,"15","73","8"
"449",0.0396474843586531,0.141342025646745,"20","73","8"
"450",0.0398813742451392,0.139996266446103,"25","73","8"
"451",0.0406772844089415,0.141149684820694,"5","74","8"
"452",0.0401579105153436,0.136716712264238,"10","74","8"
"453",0.0404380415161945,0.139049710473957,"15","74","8"
"454",0.0399319158359901,0.137034808083181,"20","74","8"
"455",0.0401338508286918,0.135669169945535,"25","74","8"
"456",0.0396841737835862,0.147175532402858,"5","75","8"
"457",0.0398296545117711,0.132614734324026,"10","75","8"
"458",0.040274106983584,0.137503433833143,"15","75","8"
"459",0.0399587629652429,0.135989726047405,"20","75","8"
"460",0.0401335269524897,0.13474537320056,"25","75","8"
"461",0.041396055534242,0.167787062524409,"5","76","8"
"462",0.0409286390237285,0.160782202088348,"10","76","8"
"463",0.0406333688761854,0.155323587166972,"15","76","8"
"464",0.04032768194322,0.148895828657267,"20","76","8"
"465",0.0403823020909305,0.144810988654028,"25","76","8"
"466",0.0390309828693881,0.130692045090389,"5","77","8"
"467",0.0399163260300525,0.13522213623564,"10","77","8"
"468",0.0401800608083681,0.135814316732446,"15","77","8"
"469",0.0401840076334476,0.135989060211617,"20","77","8"
"470",0.0405662095829808,0.134367532302875,"25","77","8"
"471",0.0403846711412963,0.124787793539024,"5","78","8"
"472",0.0411151196679118,0.126331626017246,"10","78","8"
"473",0.0409225501262416,0.126514604520452,"15","78","8"
"474",0.0410335324772144,0.125770841474457,"20","78","8"
"475",0.0412705035992819,0.126315146756809,"25","78","8"
"476",0.0413683438472561,0.132097842594336,"5","79","8"
"477",0.0417132546474966,0.12159984334495,"10","79","8"
"478",0.0418823916174249,0.123096106165242,"15","79","8"
"479",0.0416710316619028,0.124064184545835,"20","79","8"
"480",0.0416817181236378,0.12550591204171,"25","79","8"
"481",0.0380952223219494,0.132179562431424,"5","68","9"
"482",0.0361377285335304,0.139217877354066,"10","68","9"
"483",0.0365289024357054,0.149735425714774,"15","68","9"
"484",0.0373262441048762,0.156795558001407,"20","68","9"
"485",0.036581901436087,0.158529712291318,"25","68","9"
"486",0.0382189728567192,0.131717701230116,"5","69","9"
"487",0.0358358471207196,0.140006906615697,"10","69","9"
"488",0.035731036949922,0.148486865864461,"15","69","9"
"489",0.036581424378651,0.155408782697208,"20","69","9"
"490",0.0357933074586129,0.156677018694203,"25","69","9"
"491",0.0355588951457737,0.133484632045349,"5","70","9"
"492",0.0352602580095605,0.145069089402461,"10","70","9"
"493",0.0350166926174491,0.152619519470999,"15","70","9"
"494",0.0355631968843049,0.158024355571429,"20","70","9"
"495",0.0348211773239638,0.157733114841681,"25","70","9"
"496",0.0348555881491487,0.130223432553045,"5","71","9"
"497",0.034896271234678,0.143756628314147,"10","71","9"
"498",0.0343518768825184,0.149543396180679,"15","71","9"
"499",0.0350203033633508,0.156197561492028,"20","71","9"
"500",0.0351138472593317,0.161379303817622,"25","71","9"
"501",0.035929970497257,0.131172425245986,"5","72","9"
"502",0.0351877613048173,0.145787324748247,"10","72","9"
"503",0.034270682900418,0.150497832060717,"15","72","9"
"504",0.034670334806889,0.156644113617946,"20","72","9"
"505",0.0346578625677739,0.160656464589168,"25","72","9"
"506",0.0358286080448151,0.130955309246602,"5","73","9"
"507",0.0340876134600504,0.139446813691944,"10","73","9"
"508",0.0342512891222193,0.144418167901357,"15","73","9"
"509",0.035102740482143,0.152098714443736,"20","73","9"
"510",0.0348855263822977,0.157189836513891,"25","73","9"
"511",0.0363276943643293,0.155559037687376,"5","74","9"
"512",0.0344731352228093,0.152601008962085,"10","74","9"
"513",0.0351310164059875,0.161785709733973,"15","74","9"
"514",0.0356237931433864,0.165780027173963,"20","74","9"
"515",0.035454117529139,0.168321420279443,"25","74","9"
"516",0.0352300010917029,0.152243783177928,"5","75","9"
"517",0.0344017997373691,0.152680038155773,"10","75","9"
"518",0.0350316443385111,0.161301031922203,"15","75","9"
"519",0.0354645124317325,0.165322568226857,"20","75","9"
"520",0.0356290705207852,0.167773028276667,"25","75","9"
"521",0.0352867746883714,0.152753677140567,"5","76","9"
"522",0.0344761266324626,0.147786983521684,"10","76","9"
"523",0.0346271452275218,0.15713305054834,"15","76","9"
"524",0.035373534461642,0.163383980772881,"20","76","9"
"525",0.035612010105943,0.165532460900048,"25","76","9"
"526",0.0342113753278844,0.148892964582693,"5","77","9"
"527",0.0338374515070606,0.147088702372981,"10","77","9"
"528",0.0343799940442959,0.156400885718219,"15","77","9"
"529",0.034685478940596,0.160360607018258,"20","77","9"
"530",0.0351257343494942,0.163679180828381,"25","77","9"
"531",0.0337547108662082,0.144073810380475,"5","78","9"
"532",0.0335247629364342,0.141819872547438,"10","78","9"
"533",0.0338709481572368,0.15241363883028,"15","78","9"
"534",0.0343581531238342,0.156700498749078,"20","78","9"
"535",0.0347180299512495,0.159987452829995,"25","78","9"
"536",0.0334423101283134,0.141087914087093,"5","79","9"
"537",0.0336098277004922,0.140955800709542,"10","79","9"
"538",0.0338374787521204,0.14911410028038,"15","79","9"
"539",0.0342110514167186,0.152790590183767,"20","79","9"
"540",0.0344589778639786,0.155083591154108,"25","79","9"
"541",0.047209282279823,0.175645220456486,"5","68","10"
"542",0.0459102664050216,0.168091880120683,"10","68","10"
"543",0.0451175744851157,0.160219904264083,"15","68","10"
"544",0.0449187075177531,0.157168870253074,"20","68","10"
"545",0.0450188926700904,0.158473032200282,"25","68","10"
"546",0.0478882229970501,0.181837216921607,"5","69","10"
"547",0.0463361874021628,0.173234746352469,"10","69","10"
"548",0.045271478206129,0.163724027151826,"15","69","10"
"549",0.0446880607416033,0.159056960927721,"20","69","10"
"550",0.0450089924478193,0.160535325829695,"25","69","10"
"551",0.0480089445400318,0.18735873145207,"5","70","10"
"552",0.0465571913081845,0.175987147317932,"10","70","10"
"553",0.0453234538901993,0.165995870831693,"15","70","10"
"554",0.0447544669844427,0.162216873176417,"20","70","10"
"555",0.0449580590021319,0.163078655735997,"25","70","10"
"556",0.0488313850896434,0.192093689184837,"5","71","10"
"557",0.0485177225010971,0.183576883211973,"10","71","10"
"558",0.0472198128164707,0.177812976579645,"15","71","10"
"559",0.0460228130800399,0.170911673051729,"20","71","10"
"560",0.0459582068794993,0.169969097149479,"25","71","10"
"561",0.0483054257495253,0.191546672084161,"5","72","10"
"562",0.0484896048368598,0.185281589575966,"10","72","10"
"563",0.0476468424485402,0.1802528520878,"15","72","10"
"564",0.0466113939401289,0.175220554720033,"20","72","10"
"565",0.0469405908549415,0.175352693612381,"25","72","10"
"566",0.0479241727478848,0.185816115448874,"5","73","10"
"567",0.0484241283351434,0.184234852687155,"10","73","10"
"568",0.0483857958590445,0.181654780244174,"15","73","10"
"569",0.0478483553569808,0.177407237621532,"20","73","10"
"570",0.0480730602365297,0.17928434910599,"25","73","10"
"571",0.0473433935934726,0.184718548455132,"5","74","10"
"572",0.0474552559830284,0.183487952701056,"10","74","10"
"573",0.0481109683146919,0.183828850164408,"15","74","10"
"574",0.0474054392629552,0.179393823519169,"20","74","10"
"575",0.0480646926202614,0.182367775883074,"25","74","10"
"576",0.0474413483112527,0.185322360921127,"5","75","10"
"577",0.0479424206637912,0.185660834812828,"10","75","10"
"578",0.0486096830662231,0.185962056563688,"15","75","10"
"579",0.0478434974623032,0.180178618804594,"20","75","10"
"580",0.0487000917639733,0.184262223882879,"25","75","10"
"581",0.0479396496209887,0.188973191463971,"5","76","10"
"582",0.0479457114654375,0.186907333065016,"10","76","10"
"583",0.0486264392422201,0.186565365743021,"15","76","10"
"584",0.0480080433392101,0.181250609671405,"20","76","10"
"585",0.0486483148310304,0.184931122694934,"25","76","10"
"586",0.0489038518153803,0.192417122897222,"5","77","10"
"587",0.0484470886146168,0.189599576699965,"10","77","10"
"588",0.0489858886618201,0.188342149342363,"15","77","10"
"589",0.0482312124417107,0.183173346035482,"20","77","10"
"590",0.0485379407614162,0.184877435522748,"25","77","10"
"591",0.0516298448925234,0.207857960344947,"5","78","10"
"592",0.0500810071425142,0.197351553738881,"10","78","10"
"593",0.0500198588618084,0.193471355209678,"15","78","10"
"594",0.0493845040473883,0.188258434128331,"20","78","10"
"595",0.0494897294352503,0.189195911382761,"25","78","10"
"596",0.0509246241722789,0.210609064114896,"5","79","10"
"597",0.0505701662748016,0.200953255869668,"10","79","10"
"598",0.0504396120035366,0.196800770469157,"15","79","10"
"599",0.0502756672815519,0.194681481394201,"20","79","10"
"600",0.0499993241158043,0.192993460387558,"25","79","10"
"601",0.0347221329312396,0.126303200471007,"5","68","11"
"602",0.0341068078572963,0.123819947106471,"10","68","11"
"603",0.0339762121222797,0.125558277297085,"15","68","11"
"604",0.0339426494214467,0.12616940802518,"20","68","11"
"605",0.0340672206088602,0.123082616253294,"25","68","11"
"606",0.0340255789107121,0.127709894810286,"5","69","11"
"607",0.0337756163062317,0.123333345897514,"10","69","11"
"608",0.0336557142984876,0.125639734095836,"15","69","11"
"609",0.0336358435273138,0.125555407941414,"20","69","11"
"610",0.0334619389019127,0.125576706391071,"25","69","11"
"611",0.0344727911103181,0.124587396556292,"5","70","11"
"612",0.0345040962787971,0.124091070302838,"10","70","11"
"613",0.0341691165648104,0.12323332272199,"15","70","11"
"614",0.0341100538013736,0.124843529553896,"20","70","11"
"615",0.0337462581643366,0.12492829388995,"25","70","11"
"616",0.0348500663642484,0.124248262349674,"5","71","11"
"617",0.035240383444627,0.131977551501605,"10","71","11"
"618",0.0345399386909205,0.12926022671841,"15","71","11"
"619",0.0345614260577653,0.134577847890068,"20","71","11"
"620",0.0338867414192316,0.130529801711345,"25","71","11"
"621",0.0351068249342318,0.135923117918012,"5","72","11"
"622",0.0358588543190983,0.134785926641533,"10","72","11"
"623",0.0347963196325201,0.133842752029087,"15","72","11"
"624",0.0351051463053225,0.138530951830554,"20","72","11"
"625",0.0344216293830246,0.134450868150682,"25","72","11"
"626",0.0349332501890042,0.133432746425298,"5","73","11"
"627",0.035621995030743,0.132576450455072,"10","73","11"
"628",0.0348090788920961,0.134407287173116,"15","73","11"
"629",0.0352916278861393,0.139197370664761,"20","73","11"
"630",0.0345860799211853,0.133311026098061,"25","73","11"
"631",0.0350256255523321,0.125364932070547,"5","74","11"
"632",0.0356250833808109,0.129883197210184,"10","74","11"
"633",0.0349166314994997,0.129998525656044,"15","74","11"
"634",0.0355575338009748,0.135041369233717,"20","74","11"
"635",0.0351792574781203,0.131468806055131,"25","74","11"
"636",0.0349298518107891,0.129468390132224,"5","75","11"
"637",0.0353524730540968,0.132136557029195,"10","75","11"
"638",0.0348185898132766,0.134255211107234,"15","75","11"
"639",0.035496046161513,0.138413159656661,"20","75","11"
"640",0.0351680483060213,0.134834144905471,"25","75","11"
"641",0.0359284496387288,0.133541382182864,"5","76","11"
"642",0.0357961143749715,0.135885255242167,"10","76","11"
"643",0.0354768557474635,0.137909345738142,"15","76","11"
"644",0.03600813464711,0.140585121784299,"20","76","11"
"645",0.036026153876302,0.138560523146864,"25","76","11"
"646",0.0363083251970264,0.145429692300483,"5","77","11"
"647",0.036044145734614,0.1422440010587,"10","77","11"
"648",0.0360887146187721,0.144980287110895,"15","77","11"
"649",0.0365801533398502,0.145778001966746,"20","77","11"
"650",0.0367170722441613,0.143486867639306,"25","77","11"
"651",0.0376487186653977,0.140840958438891,"5","78","11"
"652",0.0370610902863297,0.139712299405184,"10","78","11"
"653",0.0370883973713522,0.142423451245174,"15","78","11"
"654",0.0376136516763988,0.144513753154412,"20","78","11"
"655",0.0377458319652224,0.143223024846123,"25","78","11"
"656",0.037093693831796,0.131994725628482,"5","79","11"
"657",0.0372850904978151,0.136827149409481,"10","79","11"
"658",0.0375507719521953,0.138602291317055,"15","79","11"
"659",0.0381619192054554,0.139843154959311,"20","79","11"
"660",0.0383436369449586,0.140213122845427,"25","79","11"
"661",0.0432348770836881,0.124575760316936,"5","68","12"
"662",0.0432349548389637,0.117188113290201,"10","68","12"
"663",0.0451524146043324,0.127283933752472,"15","68","12"
"664",0.0445642433052387,0.118364905860475,"20","68","12"
"665",0.0447677960854288,0.122992612453177,"25","68","12"
"666",0.0428646302201272,0.125928967580212,"5","69","12"
"667",0.0437329124308148,0.118055976704379,"10","69","12"
"668",0.0448956505630784,0.117611478793164,"15","69","12"
"669",0.0442845528345064,0.118808937109496,"20","69","12"
"670",0.0452473153620681,0.125885853609669,"25","69","12"
"671",0.0443853886918165,0.118055273324552,"5","70","12"
"672",0.0439777769793182,0.114150781708599,"10","70","12"
"673",0.0443481184940362,0.117585415393396,"15","70","12"
"674",0.0440035432792268,0.121032673333354,"20","70","12"
"675",0.04478434353815,0.126414946360388,"25","70","12"
"676",0.0445399510304275,0.118603314752591,"5","71","12"
"677",0.0445530811983454,0.117146376113873,"10","71","12"
"678",0.0443759939096451,0.115772037571005,"15","71","12"
"679",0.0440861884894942,0.117948389460065,"20","71","12"
"680",0.0447755727905517,0.123817159567231,"25","71","12"
"681",0.0446243393769331,0.121443503301797,"5","72","12"
"682",0.0444878690732041,0.116447395081182,"10","72","12"
"683",0.0442586050033826,0.113729183528266,"15","72","12"
"684",0.0439326358060637,0.116147264597077,"20","72","12"
"685",0.0445289093364401,0.120098038913972,"25","72","12"
"686",0.0445240335761004,0.120307267659129,"5","73","12"
"687",0.0435056940540508,0.111531678659351,"10","73","12"
"688",0.0438718692376143,0.109482221802205,"15","73","12"
"689",0.0438858027456142,0.111160792077504,"20","73","12"
"690",0.0451921092044292,0.116552546686348,"25","73","12"
"691",0.042623505567608,0.119516818160935,"5","74","12"
"692",0.0432706219987596,0.111531239627439,"10","74","12"
"693",0.0439232167432492,0.111073222176751,"15","74","12"
"694",0.0437686337880904,0.112107107624837,"20","74","12"
"695",0.0448076819639463,0.119725879546138,"25","74","12"
"696",0.0432185991646467,0.115937536138339,"5","75","12"
"697",0.0434857931364971,0.109290773266964,"10","75","12"
"698",0.0438426102459411,0.107816632798932,"15","75","12"
"699",0.0435430619049584,0.109780815517537,"20","75","12"
"700",0.0447108749206767,0.117351622967832,"25","75","12"
"701",0.0422827066488237,0.120237537196684,"5","76","12"
"702",0.0428807881897863,0.113169266023952,"10","76","12"
"703",0.0434092541148731,0.107896182575893,"15","76","12"
"704",0.042884612074515,0.108415692916146,"20","76","12"
"705",0.0441965804288676,0.114052810501325,"25","76","12"
"706",0.0439494170213069,0.119007525558039,"5","77","12"
"707",0.0440318602230295,0.114665691457767,"10","77","12"
"708",0.0442905139551238,0.113774707341236,"15","77","12"
"709",0.0436430540016637,0.10805592877,"20","77","12"
"710",0.0445387770159873,0.112948227951155,"25","77","12"
"711",0.0438391338148005,0.113995969413563,"5","78","12"
"712",0.0449671580224514,0.121399581544156,"10","78","12"
"713",0.0446919789720826,0.115880056184961,"15","78","12"
"714",0.0442752555751469,0.11114896624393,"20","78","12"
"715",0.0445900942503002,0.114187291621312,"25","78","12"
"716",0.0457730459410878,0.131822600653598,"5","79","12"
"717",0.0459793170937213,0.133943152064747,"10","79","12"
"718",0.0461398526556199,0.128931796053885,"15","79","12"
"719",0.045755814343995,0.123328367335592,"20","79","12"
"720",0.0462504643178591,0.126407564390887,"25","79","12"
"721",0.0432739899718018,0.136138097745417,"5","68","13"
"722",0.0438671896248837,0.135078807999438,"10","68","13"
"723",0.0440956605414778,0.153776377857457,"15","68","13"
"724",0.0426366831747194,0.173607073261298,"20","68","13"
"725",0.0429980760828629,0.166609398460568,"25","68","13"
"726",0.0431190343525955,0.134554563754666,"5","69","13"
"727",0.0438062807312621,0.133729458551587,"10","69","13"
"728",0.0440355010954148,0.147671469062009,"15","69","13"
"729",0.0439709660706744,0.151823107253027,"20","69","13"
"730",0.0442079497910731,0.149191660299563,"25","69","13"
"731",0.0432480704977562,0.134790105639601,"5","70","13"
"732",0.0431982963513915,0.132805554596441,"10","70","13"
"733",0.0435734158134654,0.146253942454151,"15","70","13"
"734",0.0431815846740678,0.147174533079159,"20","70","13"
"735",0.0432371618902441,0.145636723211729,"25","70","13"
"736",0.0437372399061584,0.131781642978633,"5","71","13"
"737",0.043417740358982,0.1349753455355,"10","71","13"
"738",0.0434220061280411,0.145968766747062,"15","71","13"
"739",0.0432381777320434,0.149332920701322,"20","71","13"
"740",0.0433232961219163,0.14703664236223,"25","71","13"
"741",0.0458946090167461,0.143751917078304,"5","72","13"
"742",0.0441425693908383,0.141667357693217,"10","72","13"
"743",0.0437673398101105,0.151582260811079,"15","72","13"
"744",0.0435207615298454,0.154277541994497,"20","72","13"
"745",0.043553682368689,0.150884576174948,"25","72","13"
"746",0.0438819769517473,0.138443211402638,"5","73","13"
"747",0.0432585393174975,0.140177008637399,"10","73","13"
"748",0.0431924203260833,0.149329643054135,"15","73","13"
"749",0.0430387993686029,0.152382729652752,"20","73","13"
"750",0.0432573958337411,0.150081275213485,"25","73","13"
"751",0.0444534158601562,0.142409647710672,"5","74","13"
"752",0.0434545256046452,0.139036408757694,"10","74","13"
"753",0.043304753221367,0.148943104936211,"15","74","13"
"754",0.0429150799249639,0.149883170483554,"20","74","13"
"755",0.0431959922725361,0.148365013005355,"25","74","13"
"756",0.0444941838025349,0.14210042035671,"5","75","13"
"757",0.0433024473966868,0.13864249469665,"10","75","13"
"758",0.0432189455772426,0.141619017374268,"15","75","13"
"759",0.0428774717933258,0.143512187932829,"20","75","13"
"760",0.0433001477554915,0.144133670881298,"25","75","13"
"761",0.0446820251340836,0.14898870737276,"5","76","13"
"762",0.0436066975272802,0.141041823348944,"10","76","13"
"763",0.0434540517651617,0.141735963764628,"15","76","13"
"764",0.0429339168853177,0.146772495970427,"20","76","13"
"765",0.0434767853516574,0.147384255569143,"25","76","13"
"766",0.0451073006752679,0.147819986689705,"5","77","13"
"767",0.0450054176842016,0.145256726929075,"10","77","13"
"768",0.0442851352716387,0.145030274589502,"15","77","13"
"769",0.0436861826021874,0.146505596048662,"20","77","13"
"770",0.0441991730226958,0.148736497818621,"25","77","13"
"771",0.0463627230173522,0.150595061594731,"5","78","13"
"772",0.045842687876266,0.145569799382261,"10","78","13"
"773",0.0452915505653694,0.148116261640583,"15","78","13"
"774",0.0448050685723113,0.145964870802104,"20","78","13"
"775",0.0449590883296597,0.145023604969261,"25","78","13"
"776",0.0458679994163607,0.149424742731676,"5","79","13"
"777",0.0456330647298805,0.147453714569639,"10","79","13"
"778",0.0456400881208315,0.149705214996067,"15","79","13"
"779",0.0455931209656402,0.148510889776006,"20","79","13"
"780",0.0456295947302518,0.147968705067723,"25","79","13"
"781",0.0561655833826045,0.233628413851204,"5","68","14"
"782",0.0547121228171906,0.222651947314751,"10","68","14"
"783",0.054401292481751,0.219647314775793,"15","68","14"
"784",0.0549312836839271,0.231727760620358,"20","68","14"
"785",0.0544353116591264,0.230293108396797,"25","68","14"
"786",0.0562564745961391,0.234920465578797,"5","69","14"
"787",0.0548372793202023,0.224842170298727,"10","69","14"
"788",0.0543068795652286,0.219449946387322,"15","69","14"
"789",0.0547521296803899,0.230932972465853,"20","69","14"
"790",0.054326917577782,0.229515148897977,"25","69","14"
"791",0.0564958232956747,0.232032010570444,"5","70","14"
"792",0.0550490901216712,0.223740678637869,"10","70","14"
"793",0.0540673928260656,0.214904759788472,"15","70","14"
"794",0.0544596246819794,0.227815527466269,"20","70","14"
"795",0.0541921046951221,0.229367341439388,"25","70","14"
"796",0.0559632467915852,0.228257419497432,"5","71","14"
"797",0.0549695878879268,0.222632021316436,"10","71","14"
"798",0.0540383162121371,0.213484206531671,"15","71","14"
"799",0.0546136933688526,0.222098478395559,"20","71","14"
"800",0.0542985730407947,0.223348465026016,"25","71","14"
"801",0.0551249125337531,0.216684919650244,"5","72","14"
"802",0.0547431727150311,0.219140123111765,"10","72","14"
"803",0.0540440168126488,0.212541264837783,"15","72","14"
"804",0.054510685717807,0.218543485309908,"20","72","14"
"805",0.0541891282441383,0.218849751843082,"25","72","14"
"806",0.0545741487357102,0.216148945966069,"5","73","14"
"807",0.0549002805602461,0.220162597587304,"10","73","14"
"808",0.0544101040219153,0.213601612386962,"15","73","14"
"809",0.0547676623962836,0.220021783079276,"20","73","14"
"810",0.0545655152702757,0.219906544553573,"25","73","14"
"811",0.0546046806440422,0.220319602168129,"5","74","14"
"812",0.0546132804131038,0.214579377929909,"10","74","14"
"813",0.0542570069197197,0.20780621478668,"15","74","14"
"814",0.0546076145445705,0.216838612121725,"20","74","14"
"815",0.0544538541241335,0.215911416151481,"25","74","14"
"816",0.0547700729654333,0.218701941169452,"5","75","14"
"817",0.0548500430716402,0.213069425580063,"10","75","14"
"818",0.0544803315345753,0.206739122182078,"15","75","14"
"819",0.05471069396837,0.214680959337527,"20","75","14"
"820",0.0546399746579566,0.213748840997995,"25","75","14"
"821",0.0553312645417895,0.217811581281115,"5","76","14"
"822",0.0553417560935578,0.21467193674176,"10","76","14"
"823",0.0549376320385225,0.208766683238863,"15","76","14"
"824",0.0549283907769074,0.214014582280678,"20","76","14"
"825",0.0547063471476912,0.212722418244275,"25","76","14"
"826",0.0550554340875835,0.210981882956929,"5","77","14"
"827",0.0553245649520981,0.210911588142516,"10","77","14"
"828",0.0550396945454476,0.206248151310525,"15","77","14"
"829",0.0549995447117954,0.212160681330493,"20","77","14"
"830",0.0547702480018111,0.212349344553689,"25","77","14"
"831",0.0554679622544947,0.211476963641403,"5","78","14"
"832",0.0554691958727642,0.210399420575314,"10","78","14"
"833",0.0551449450176595,0.206431801500052,"15","78","14"
"834",0.0552645738898994,0.207744843348894,"20","78","14"
"835",0.0552594863110492,0.209123981084487,"25","78","14"
"836",0.0553571251681433,0.204626506001227,"5","79","14"
"837",0.0553433222243609,0.205685772420878,"10","79","14"
"838",0.0551873176570731,0.204731014454151,"15","79","14"
"839",0.0554045713494229,0.205419758142273,"20","79","14"
"840",0.0554238717736249,0.205227835388842,"25","79","14"
"841",0.0418554977054806,0.151672436696347,"5","68","15"
"842",0.041331967154876,0.161291370211661,"10","68","15"
"843",0.0402080814186999,0.149445970764838,"15","68","15"
"844",0.0391302843668627,0.133850991996213,"20","68","15"
"845",0.039236070493516,0.130156274622357,"25","68","15"
"846",0.0421551766182738,0.155593345674003,"5","69","15"
"847",0.0412281050330771,0.158600600773486,"10","69","15"
"848",0.0402502707302369,0.144239986092509,"15","69","15"
"849",0.039688804428996,0.128319203801733,"20","69","15"
"850",0.0399499016665677,0.128703049220193,"25","69","15"
"851",0.0423543756186264,0.148469819476524,"5","70","15"
"852",0.0418240216058578,0.155048643341015,"10","70","15"
"853",0.0407575933275396,0.143507351317837,"15","70","15"
"854",0.0403477280543725,0.129523604263998,"20","70","15"
"855",0.0405380249039414,0.129675698624558,"25","70","15"
"856",0.0419283492637255,0.136610911391388,"5","71","15"
"857",0.041153468999831,0.144863350948614,"10","71","15"
"858",0.0404462601176344,0.135586013074113,"15","71","15"
"859",0.0403513712618516,0.125485989850899,"20","71","15"
"860",0.0406523643046534,0.127261797475091,"25","71","15"
"861",0.0421108676349536,0.126930435573058,"5","72","15"
"862",0.0410733614987746,0.136620689611442,"10","72","15"
"863",0.0408273028927107,0.129323410918186,"15","72","15"
"864",0.0406458510435896,0.119457887264467,"20","72","15"
"865",0.0407823434306878,0.119081033431701,"25","72","15"
"866",0.0424755443238981,0.132544886962486,"5","73","15"
"867",0.0418478356509337,0.137370954416531,"10","73","15"
"868",0.0416056828373036,0.132070443447112,"15","73","15"
"869",0.0413105379683127,0.12350380192562,"20","73","15"
"870",0.0418158182889979,0.125896486164078,"25","73","15"
"871",0.0436132007441605,0.126341769944679,"5","74","15"
"872",0.0424909100646225,0.136282453820283,"10","74","15"
"873",0.0420231089343332,0.125523794316993,"15","74","15"
"874",0.0420118600047407,0.120170394147102,"20","74","15"
"875",0.0424288212466994,0.121848623528496,"25","74","15"
"876",0.0447237387310747,0.131455003346468,"5","75","15"
"877",0.0432215437695834,0.136819063734526,"10","75","15"
"878",0.0424480814895055,0.126754979185394,"15","75","15"
"879",0.042877286267906,0.123448224827537,"20","75","15"
"880",0.0431270858149312,0.124630892806855,"25","75","15"
"881",0.0451043046731173,0.122233216785601,"5","76","15"
"882",0.0433851444008118,0.13126872951882,"10","76","15"
"883",0.0429636191941516,0.124242101553425,"15","76","15"
"884",0.0432802898660417,0.122123525237212,"20","76","15"
"885",0.0434084034128777,0.123231811318171,"25","76","15"
"886",0.0444752975819529,0.124912773566712,"5","77","15"
"887",0.0439635706181988,0.132354416961846,"10","77","15"
"888",0.0442030236249873,0.128189933432558,"15","77","15"
"889",0.0441970393009242,0.124775897065118,"20","77","15"
"890",0.0441024970706206,0.123570274499202,"25","77","15"
"891",0.044686619412208,0.128761903515492,"5","78","15"
"892",0.0438504193797323,0.1276370147289,"10","78","15"
"893",0.0442143642800506,0.12454399223166,"15","78","15"
"894",0.0441512495167849,0.121828358277639,"20","78","15"
"895",0.0442598672120142,0.12321157402855,"25","78","15"
"896",0.0442112711030203,0.126290793457007,"5","79","15"
"897",0.0437946869724946,0.122321514700032,"10","79","15"
"898",0.0440739256475226,0.120983294389221,"15","79","15"
"899",0.0440529204663581,0.120600818035815,"20","79","15"
"900",0.0441931489899481,0.120739175154494,"25","79","15"
"901",0.0444712404864755,0.168595875951411,"5","68","16"
"902",0.0429674267039636,0.176575728925528,"10","68","16"
"903",0.0416735447046916,0.160401628731402,"15","68","16"
"904",0.041889556407717,0.154645314654158,"20","68","16"
"905",0.0406087182652367,0.158901882141572,"25","68","16"
"906",0.0438984685350356,0.167123797176514,"5","69","16"
"907",0.0433924716345644,0.177648281569985,"10","69","16"
"908",0.0426055701111503,0.166201079447783,"15","69","16"
"909",0.0423762325058255,0.163979598789509,"20","69","16"
"910",0.0410648308659165,0.166980647731716,"25","69","16"
"911",0.044599220209444,0.174678680231949,"5","70","16"
"912",0.0429338059119792,0.178953854248962,"10","70","16"
"913",0.0429057095210187,0.173137461288203,"15","70","16"
"914",0.0427251222648289,0.178336739416556,"20","70","16"
"915",0.0424623538171905,0.191485633468985,"25","70","16"
"916",0.046953045484876,0.197882006387109,"5","71","16"
"917",0.0443383891305562,0.197764830982206,"10","71","16"
"918",0.0439478922538588,0.191826733051946,"15","71","16"
"919",0.0436895944375623,0.194469740993007,"20","71","16"
"920",0.0437828862040921,0.198855018208998,"25","71","16"
"921",0.0463312470243056,0.205135498424578,"5","72","16"
"922",0.0434913109082475,0.198902125598854,"10","72","16"
"923",0.0431051686902991,0.193791171131489,"15","72","16"
"924",0.0426951391892908,0.193864699846525,"20","72","16"
"925",0.0427021480354333,0.19537719087003,"25","72","16"
"926",0.0430163862836164,0.180589588670562,"5","73","16"
"927",0.0429991459663417,0.19122720015274,"10","73","16"
"928",0.0428472936620628,0.18824631042966,"15","73","16"
"929",0.0421171422779889,0.18637728555581,"20","73","16"
"930",0.0423354155563688,0.187856100390634,"25","73","16"
"931",0.0436541299189751,0.187819693140966,"5","74","16"
"932",0.0419166041703196,0.179876526627027,"10","74","16"
"933",0.0421325362787043,0.179271703648209,"15","74","16"
"934",0.0417593236275178,0.181425920520707,"20","74","16"
"935",0.0421598124966307,0.185446388890254,"25","74","16"
"936",0.0434226539623669,0.186501946006397,"5","75","16"
"937",0.0428450403628369,0.182395820558199,"10","75","16"
"938",0.0427364240374146,0.183472563598877,"15","75","16"
"939",0.0424591616581282,0.189370478511401,"20","75","16"
"940",0.0427388849280404,0.190945249035726,"25","75","16"
"941",0.0430621930043422,0.1884387485894,"5","76","16"
"942",0.0429490581840008,0.189631280119374,"10","76","16"
"943",0.0428369227489904,0.193293577752044,"15","76","16"
"944",0.0421202930540429,0.193763463104024,"20","76","16"
"945",0.0429002924381383,0.199184932743115,"25","76","16"
"946",0.0440694661825036,0.187030585817356,"5","77","16"
"947",0.0437229741427595,0.194297493244233,"10","77","16"
"948",0.0433104397765517,0.196458048017311,"15","77","16"
"949",0.0425269981925167,0.197279746758209,"20","77","16"
"950",0.0433738085147704,0.202530931994351,"25","77","16"
"951",0.0446893598046287,0.19712895250939,"5","78","16"
"952",0.0470583736853826,0.217842724766262,"10","78","16"
"953",0.0449154714555618,0.210710361120055,"15","78","16"
"954",0.0440074907811222,0.209799952843293,"20","78","16"
"955",0.0442299855223169,0.211997419627233,"25","78","16"
"956",0.0448511986976035,0.211500439814912,"5","79","16"
"957",0.0470287003646452,0.228114391527939,"10","79","16"
"958",0.0464726816641276,0.226563821958316,"15","79","16"
"959",0.0455516854518109,0.223230604015422,"20","79","16"
"960",0.0456513139923612,0.221527934259961,"25","79","16"
"961",0.040268539618547,0.205037548827654,"5","68","17"
"962",0.0397093755197628,0.188398239426668,"10","68","17"
"963",0.0395475609599527,0.197408916608636,"15","68","17"
"964",0.0393402207369719,0.195657897388238,"20","68","17"
"965",0.0393914347588718,0.201455984934938,"25","68","17"
"966",0.0407829391563147,0.20865091270125,"5","69","17"
"967",0.0396111211308042,0.19298292867233,"10","69","17"
"968",0.0408534823563524,0.184986483655406,"15","69","17"
"969",0.0401547568785346,0.186450630318713,"20","69","17"
"970",0.0401336042813369,0.193930615752479,"25","69","17"
"971",0.0410722035937812,0.198084738015287,"5","70","17"
"972",0.0394067048989349,0.190740422433588,"10","70","17"
"973",0.0418880134130018,0.182505132368785,"15","70","17"
"974",0.0406575183895352,0.183375234777176,"20","70","17"
"975",0.0402381283497983,0.188423244675368,"25","70","17"
"976",0.039506133572106,0.192970760346456,"5","71","17"
"977",0.0384640103556499,0.18676663717139,"10","71","17"
"978",0.0406162620548074,0.173287636108526,"15","71","17"
"979",0.0396984807657211,0.175713342853308,"20","71","17"
"980",0.0394911458893258,0.182974906638321,"25","71","17"
"981",0.0392368411625744,0.18970921228591,"5","72","17"
"982",0.0389468253280195,0.192661333896388,"10","72","17"
"983",0.0408170029173974,0.174719218008841,"15","72","17"
"984",0.0396535215163515,0.174567727725648,"20","72","17"
"985",0.0397988638948911,0.177932501453609,"25","72","17"
"986",0.038863922986015,0.189256000985428,"5","73","17"
"987",0.0385707290907376,0.18121379890595,"10","73","17"
"988",0.040993201673586,0.170552337910271,"15","73","17"
"989",0.0394875736773626,0.171082706404456,"20","73","17"
"990",0.0394195412079,0.17612054776788,"25","73","17"
"991",0.0395024268621217,0.195262856619979,"5","74","17"
"992",0.0390539109738318,0.179788229270812,"10","74","17"
"993",0.0417112065418162,0.168306597269415,"15","74","17"
"994",0.0396308946959526,0.172304690698193,"20","74","17"
"995",0.0395694793803315,0.176981582382002,"25","74","17"
"996",0.0382974632268963,0.186330431451744,"5","75","17"
"997",0.0383697087439271,0.174623288763471,"10","75","17"
"998",0.041466609651514,0.165023406400507,"15","75","17"
"999",0.0403867092537791,0.168520199149489,"20","75","17"
"1000",0.0402946752167006,0.173576745152839,"25","75","17"
"1001",0.0389400453047962,0.18748374458532,"5","76","17"
"1002",0.0388440748293798,0.176961751470444,"10","76","17"
"1003",0.0415151718610039,0.164902041021428,"15","76","17"
"1004",0.0414485592476269,0.168357704295243,"20","76","17"
"1005",0.0418325081103414,0.170166929084931,"25","76","17"
"1006",0.0395777701441339,0.195703906846232,"5","77","17"
"1007",0.0392878292313351,0.180921827421249,"10","77","17"
"1008",0.0418199486819562,0.167145956094342,"15","77","17"
"1009",0.0417968194828784,0.17096598581117,"20","77","17"
"1010",0.0420354707112247,0.17242379165091,"25","77","17"
"1011",0.039335780553441,0.195448946391811,"5","78","17"
"1012",0.0416790385422253,0.175505358240362,"10","78","17"
"1013",0.0428651631095888,0.165989038458528,"15","78","17"
"1014",0.0421391570964433,0.176225655073705,"20","78","17"
"1015",0.0421236983921472,0.17794053221229,"25","78","17"
"1016",0.04350053908827,0.17304267487073,"5","79","17"
"1017",0.044394647106499,0.173038667317627,"10","79","17"
"1018",0.0448414993837057,0.171936171670454,"15","79","17"
"1019",0.0432394011993464,0.176147098277845,"20","79","17"
"1020",0.0429827208030294,0.177722396641269,"25","79","17"
"1021",0.0372433759215453,0.0999771130006785,"5","68","18"
"1022",0.0362996270554011,0.104878017407014,"10","68","18"
"1023",0.0341904582125694,0.105233227657292,"15","68","18"
"1024",0.0334284504655329,0.105066574003078,"20","68","18"
"1025",0.0338860965286487,0.106431980435781,"25","68","18"
"1026",0.0373367762185322,0.0959461749696972,"5","69","18"
"1027",0.0359540145239377,0.108536078827545,"10","69","18"
"1028",0.0341575431165089,0.107160953388061,"15","69","18"
"1029",0.0337746444810588,0.113877269578969,"20","69","18"
"1030",0.0335175533931826,0.107985785584248,"25","69","18"
"1031",0.037913286675408,0.100899223472333,"5","70","18"
"1032",0.0366306873238532,0.112069534751008,"10","70","18"
"1033",0.0343857857926858,0.11595203237686,"15","70","18"
"1034",0.0339727657839434,0.11466712703158,"20","70","18"
"1035",0.033627615669514,0.105847294535146,"25","70","18"
"1036",0.0368182914048859,0.113362068925988,"5","71","18"
"1037",0.0362311997009879,0.105996979400134,"10","71","18"
"1038",0.0344139463150368,0.111612956072616,"15","71","18"
"1039",0.034314818201852,0.113189105077402,"20","71","18"
"1040",0.0341375007148307,0.108896951571233,"25","71","18"
"1041",0.0362339837536496,0.111052334659992,"5","72","18"
"1042",0.0356741341821964,0.113206174970639,"10","72","18"
"1043",0.0342404587177605,0.117816349754331,"15","72","18"
"1044",0.0337080011220296,0.114885836805301,"20","72","18"
"1045",0.0335009101952794,0.107329847114162,"25","72","18"
"1046",0.037412860170977,0.112842282746567,"5","73","18"
"1047",0.0357543265003353,0.115543214397607,"10","73","18"
"1048",0.0346496866358871,0.119612059449169,"15","73","18"
"1049",0.0344037694562944,0.116952529999012,"20","73","18"
"1050",0.0341709775973842,0.1105957997719,"25","73","18"
"1051",0.0367567829470188,0.116448360838489,"5","74","18"
"1052",0.035450101135557,0.114951545755364,"10","74","18"
"1053",0.0348977694998262,0.118439541503685,"15","74","18"
"1054",0.0345699387005269,0.118906259837192,"20","74","18"
"1055",0.03411572190907,0.110034003417496,"25","74","18"
"1056",0.035446648212868,0.118879503201518,"5","75","18"
"1057",0.0354975889896825,0.117132842822969,"10","75","18"
"1058",0.034961339167155,0.115189285343317,"15","75","18"
"1059",0.0347894042381198,0.114224639375009,"20","75","18"
"1060",0.0343250143806866,0.106929881943689,"25","75","18"
"1061",0.0349359490884559,0.123366146584216,"5","76","18"
"1062",0.0343870267888948,0.116855772138526,"10","76","18"
"1063",0.0340925904560562,0.111581432370304,"15","76","18"
"1064",0.034010717857199,0.112054915169954,"20","76","18"
"1065",0.0339305025456351,0.111648174703714,"25","76","18"
"1066",0.0362827543923503,0.113045530338438,"5","77","18"
"1067",0.0348591299304996,0.111649538321715,"10","77","18"
"1068",0.0340459082800062,0.109381376529673,"15","77","18"
"1069",0.0341539707855023,0.10730834493601,"20","77","18"
"1070",0.034181398698386,0.109332843392859,"25","77","18"
"1071",0.0367467360852102,0.116101708210259,"5","78","18"
"1072",0.0346355522452718,0.114845647115941,"10","78","18"
"1073",0.0347766736271335,0.112369680001823,"15","78","18"
"1074",0.0348397750727841,0.109191154148045,"20","78","18"
"1075",0.0350181712388522,0.111902468201477,"25","78","18"
"1076",0.0385386533756528,0.129333531496098,"5","79","18"
"1077",0.0376379532201689,0.120422243996453,"10","79","18"
"1078",0.0365290399498699,0.115620211475758,"15","79","18"
"1079",0.0363453597248687,0.114855909279448,"20","79","18"
"1080",0.0364575200540877,0.115820573200157,"25","79","18"
"1081",0.0509652385376436,0.23514191883832,"5","68","19"
"1082",0.0500808212346658,0.238709804896566,"10","68","19"
"1083",0.0492349478226981,0.243799974673697,"15","68","19"
"1084",0.0488371473044346,0.249529127660286,"20","68","19"
"1085",0.0489952683314704,0.247473555612943,"25","68","19"
"1086",0.052121699937693,0.249190579739636,"5","69","19"
"1087",0.050914592123062,0.246419669249541,"10","69","19"
"1088",0.0507520162873101,0.245003264774578,"15","69","19"
"1089",0.050190271330725,0.248752523649048,"20","69","19"
"1090",0.0499692840536534,0.249181611493337,"25","69","19"
"1091",0.0504580504265482,0.249009612362447,"5","70","19"
"1092",0.0501874422538427,0.24359016805607,"10","70","19"
"1093",0.050281080419969,0.234947193535755,"15","70","19"
"1094",0.0499687389677531,0.242740800970275,"20","70","19"
"1095",0.0496293035725516,0.24425976048445,"25","70","19"
"1096",0.0506566628022938,0.248470721395398,"5","71","19"
"1097",0.0504563981888813,0.240805028033454,"10","71","19"
"1098",0.0506532045955984,0.23317929547029,"15","71","19"
"1099",0.0501926377663549,0.243068554790184,"20","71","19"
"1100",0.049840931334604,0.243058770321929,"25","71","19"
"1101",0.0515102184500244,0.244527916934494,"5","72","19"
"1102",0.0505939944429854,0.233267540145993,"10","72","19"
"1103",0.0508408520782535,0.22885369755339,"15","72","19"
"1104",0.0505052233104772,0.236815841575831,"20","72","19"
"1105",0.0501719118671859,0.238853655843963,"25","72","19"
"1106",0.0516203499177201,0.245919884959333,"5","73","19"
"1107",0.0509044951746766,0.238062018268386,"10","73","19"
"1108",0.0509289965379564,0.23243440436898,"15","73","19"
"1109",0.0509476716450487,0.241967981700376,"20","73","19"
"1110",0.0503803434214903,0.242984685521052,"25","73","19"
"1111",0.0513210742298969,0.24982921071927,"5","74","19"
"1112",0.0507997128010347,0.240075017002521,"10","74","19"
"1113",0.0507669574918357,0.235995366461083,"15","74","19"
"1114",0.0510025335608098,0.247504738537134,"20","74","19"
"1115",0.0504882378374771,0.246529964024403,"25","74","19"
"1116",0.0508518662769597,0.245182862615572,"5","75","19"
"1117",0.050255570257461,0.238609397204394,"10","75","19"
"1118",0.0506055496612287,0.2359053244311,"15","75","19"
"1119",0.0509815931273119,0.247944750335129,"20","75","19"
"1120",0.0506255623050373,0.248643650272747,"25","75","19"
"1121",0.0505117022290267,0.24506629603488,"5","76","19"
"1122",0.0503373588917756,0.237651476634306,"10","76","19"
"1123",0.0509627714012076,0.238661635091616,"15","76","19"
"1124",0.0514869516249046,0.248577883547157,"20","76","19"
"1125",0.0515271085387063,0.24918471183454,"25","76","19"
"1126",0.0517143702341881,0.256565589169523,"5","77","19"
"1127",0.051262857679581,0.246627341774875,"10","77","19"
"1128",0.0516163349361869,0.245289912022559,"15","77","19"
"1129",0.0517955576814692,0.25281597471214,"20","77","19"
"1130",0.0520784731823304,0.25366515386027,"25","77","19"
"1131",0.0514480202479984,0.251814625577813,"5","78","19"
"1132",0.0527561059475136,0.252341818886109,"10","78","19"
"1133",0.0526237176450694,0.247282383531732,"15","78","19"
"1134",0.0524574748865553,0.253969751798574,"20","78","19"
"1135",0.0527181314128062,0.253246875254155,"25","78","19"
"1136",0.0534797002975624,0.253194573861185,"5","79","19"
"1137",0.0538910495643125,0.250875322354589,"10","79","19"
"1138",0.0535295686458052,0.246682483665509,"15","79","19"
"1139",0.0535495660073879,0.248752750300139,"20","79","19"
"1140",0.0536823526494027,0.249707681503042,"25","79","19"
"1141",0.040991442642994,0.147148478624934,"5","68","20"
"1142",0.0409231737465931,0.147415169498104,"10","68","20"
"1143",0.0414683176518523,0.164736113475121,"15","68","20"
"1144",0.0420041917098914,0.164118164755063,"20","68","20"
"1145",0.0417164658816557,0.161283013875927,"25","68","20"
"1146",0.0403898773121329,0.14800569705077,"5","69","20"
"1147",0.0406707005077718,0.145085136861566,"10","69","20"
"1148",0.0410892746353899,0.163390003821934,"15","69","20"
"1149",0.0416960531168021,0.160807184265589,"20","69","20"
"1150",0.0417817625568517,0.162068339712373,"25","69","20"
"1151",0.0412016199563042,0.145297314576135,"5","70","20"
"1152",0.0409778710974564,0.14410159630482,"10","70","20"
"1153",0.0412990610393228,0.162776371189597,"15","70","20"
"1154",0.0413783957261334,0.159604410291597,"20","70","20"
"1155",0.0415788890353985,0.161213361089956,"25","70","20"
"1156",0.0411991397356604,0.147442035268286,"5","71","20"
"1157",0.0407851410360694,0.145283321362484,"10","71","20"
"1158",0.0408897036256841,0.161646005737792,"15","71","20"
"1159",0.0412187608839448,0.15898699030303,"20","71","20"
"1160",0.0409513512508354,0.161437080122547,"25","71","20"
"1161",0.0404572228789213,0.14806295758157,"5","72","20"
"1162",0.0403357181255947,0.144800002712334,"10","72","20"
"1163",0.0400197550726121,0.160414904372315,"15","72","20"
"1164",0.0404852512457365,0.157222042827288,"20","72","20"
"1165",0.0407375042603887,0.160173070436302,"25","72","20"
"1166",0.0404736477423704,0.143517971793595,"5","73","20"
"1167",0.0407962311107319,0.144106675136174,"10","73","20"
"1168",0.0402044345116416,0.158282552428017,"15","73","20"
"1169",0.0405221270929,0.15512673053334,"20","73","20"
"1170",0.0409083958225114,0.155582747737849,"25","73","20"
"1171",0.0403936620289933,0.145418236097981,"5","74","20"
"1172",0.0408199723877975,0.15285020653222,"10","74","20"
"1173",0.0403362541314026,0.162263774067046,"15","74","20"
"1174",0.0407795270911913,0.161513777760616,"20","74","20"
"1175",0.0407375179162896,0.161902654206184,"25","74","20"
"1176",0.0403545623812073,0.148166218311868,"5","75","20"
"1177",0.0405788487828151,0.156222129359328,"10","75","20"
"1178",0.0404350332139202,0.163274401373222,"15","75","20"
"1179",0.040886155233813,0.164116852254484,"20","75","20"
"1180",0.0408978127966923,0.164034175964418,"25","75","20"
"1181",0.0395878652060396,0.143187654456493,"5","76","20"
"1182",0.0398932257293198,0.153378017809323,"10","76","20"
"1183",0.0401186281281633,0.160519298540561,"15","76","20"
"1184",0.0404540421068245,0.164763908388164,"20","76","20"
"1185",0.0399900206389932,0.162619025635886,"25","76","20"
"1186",0.0394230886780538,0.14728498615289,"5","77","20"
"1187",0.0396981510873926,0.155978073237177,"10","77","20"
"1188",0.0396625757111835,0.160397218726863,"15","77","20"
"1189",0.0398008688720662,0.162276451931273,"20","77","20"
"1190",0.0395128382405626,0.16065417082171,"25","77","20"
"1191",0.0399333840199228,0.147111293869495,"5","78","20"
"1192",0.0401398144720736,0.157208378107139,"10","78","20"
"1193",0.0398111082365194,0.160776583370343,"15","78","20"
"1194",0.0400184468508073,0.16180342463207,"20","78","20"
"1195",0.0397659557521089,0.161502874377342,"25","78","20"
"1196",0.0411418014032707,0.16564644771164,"5","79","20"
"1197",0.0407992417194073,0.166900755906112,"10","79","20"
"1198",0.0404523806508136,0.166550817964463,"15","79","20"
"1199",0.0405282014881783,0.164923138013939,"20","79","20"
"1200",0.0403773405947292,0.166746230198683,"25","79","20"
"1201",0.0478422718623244,0.168819418467591,"5","68","21"
"1202",0.0469644605913441,0.14879846832665,"10","68","21"
"1203",0.0469785153659584,0.144671357040945,"15","68","21"
"1204",0.0470754573196455,0.154861063847189,"20","68","21"
"1205",0.0465528552353095,0.151555566763784,"25","68","21"
"1206",0.0473853307675752,0.162741654922907,"5","69","21"
"1207",0.0461695994958021,0.147496460242435,"10","69","21"
"1208",0.0462357268641684,0.144089308828186,"15","69","21"
"1209",0.0465367654637699,0.150827316055031,"20","69","21"
"1210",0.0461060544084036,0.147989838424336,"25","69","21"
"1211",0.0471547035620706,0.151998183808087,"5","70","21"
"1212",0.0467646760259906,0.145297594829393,"10","70","21"
"1213",0.0459431352259827,0.144239507310988,"15","70","21"
"1214",0.0459405766806946,0.153412851241377,"20","70","21"
"1215",0.0452463825855821,0.148556678728594,"25","70","21"
"1216",0.0467615736955078,0.154185590288367,"5","71","21"
"1217",0.0464791122091561,0.146762788639606,"10","71","21"
"1218",0.0454586027821513,0.139818478914072,"15","71","21"
"1219",0.0457982769189039,0.150118220108846,"20","71","21"
"1220",0.0453873518535609,0.146504338904652,"25","71","21"
"1221",0.0471554002393062,0.139919471234495,"5","72","21"
"1222",0.0463356369382872,0.135553538061032,"10","72","21"
"1223",0.0457172965709713,0.136738885118891,"15","72","21"
"1224",0.0456429979607009,0.148139442001844,"20","72","21"
"1225",0.0450330679651034,0.14491339020271,"25","72","21"
"1226",0.0467247743145602,0.139768238356202,"5","73","21"
"1227",0.0466057603828663,0.141177701293801,"10","73","21"
"1228",0.0458730443772947,0.136306721183255,"15","73","21"
"1229",0.0457032261861512,0.148180994040513,"20","73","21"
"1230",0.0455775827910888,0.148835477207227,"25","73","21"
"1231",0.0462265095547523,0.14042430317349,"5","74","21"
"1232",0.046164518812676,0.143275174420398,"10","74","21"
"1233",0.0454528252733131,0.136948925503071,"15","74","21"
"1234",0.0454928209675047,0.146610153193367,"20","74","21"
"1235",0.0453467177662526,0.146831519817361,"25","74","21"
"1236",0.0470435419622375,0.150229109907729,"5","75","21"
"1237",0.0468897777458174,0.14799245605191,"10","75","21"
"1238",0.0457990304765302,0.139487841264185,"15","75","21"
"1239",0.0458856239078033,0.14987788579945,"20","75","21"
"1240",0.0455786457567263,0.149961723997218,"25","75","21"
"1241",0.0470235876270262,0.150482925860423,"5","76","21"
"1242",0.0467772553141916,0.148194946567277,"10","76","21"
"1243",0.0462108589710605,0.143968005167781,"15","76","21"
"1244",0.0462578609692761,0.14962635797941,"20","76","21"
"1245",0.0457895741193947,0.149169272012954,"25","76","21"
"1246",0.0473323189428535,0.145519636294867,"5","77","21"
"1247",0.0469335419249378,0.143805138466849,"10","77","21"
"1248",0.046039841266639,0.14093398573454,"15","77","21"
"1249",0.0460419850947335,0.147032710329592,"20","77","21"
"1250",0.0457431081388863,0.14600482086515,"25","77","21"
"1251",0.0471238472130267,0.149489651329547,"5","78","21"
"1252",0.0467208336747934,0.147042890999868,"10","78","21"
"1253",0.0463261152519415,0.145458735787051,"15","78","21"
"1254",0.046516648664539,0.147482406064904,"20","78","21"
"1255",0.0462838319098443,0.148119262039448,"25","78","21"
"1256",0.0481561531553866,0.141079555273122,"5","79","21"
"1257",0.0472934041249849,0.143683895524254,"10","79","21"
"1258",0.0470540687760332,0.142132512428097,"15","79","21"
"1259",0.0473577558669754,0.142578210861317,"20","79","21"
"1260",0.0468178406564443,0.143017400790852,"25","79","21"
"1261",0.0426283115260499,0.136474111893285,"5","68","22"
"1262",0.039151255790499,0.150991026601758,"10","68","22"
"1263",0.0382473558794636,0.155505830322608,"15","68","22"
"1264",0.037363079472797,0.141826604480652,"20","68","22"
"1265",0.0368499789874141,0.140377137527671,"25","68","22"
"1266",0.041336750298638,0.138714007019747,"5","69","22"
"1267",0.0383775472606806,0.151269367002003,"10","69","22"
"1268",0.0371655218375173,0.155616925651268,"15","69","22"
"1269",0.0366940677807218,0.141355634166845,"20","69","22"
"1270",0.0360844619710414,0.141941355838487,"25","69","22"
"1271",0.0418536127448159,0.142413905819597,"5","70","22"
"1272",0.0388723876687773,0.157468530451674,"10","70","22"
"1273",0.037046022160867,0.164511939217097,"15","70","22"
"1274",0.0363859896827517,0.145263986015383,"20","70","22"
"1275",0.0357014241073038,0.144813960629818,"25","70","22"
"1276",0.0415840810251397,0.14466107324764,"5","71","22"
"1277",0.0384502860665701,0.15741871205055,"10","71","22"
"1278",0.0368339838941995,0.164160266944631,"15","71","22"
"1279",0.0363517651558346,0.147676323295165,"20","71","22"
"1280",0.0357262852803476,0.147219982319636,"25","71","22"
"1281",0.041033311817532,0.146458104540766,"5","72","22"
"1282",0.0389058539393277,0.158617667215679,"10","72","22"
"1283",0.0371412543113884,0.166660137068067,"15","72","22"
"1284",0.0368210222303633,0.15406872972614,"20","72","22"
"1285",0.0360916955471778,0.152248560273222,"25","72","22"
"1286",0.0396470076285384,0.140972628743954,"5","73","22"
"1287",0.0382621929195774,0.149644159620929,"10","73","22"
"1288",0.036679928301458,0.160120391688419,"15","73","22"
"1289",0.0371084282687252,0.152815329112636,"20","73","22"
"1290",0.0365447633730561,0.150057491275022,"25","73","22"
"1291",0.0386670001768152,0.135473973571725,"5","74","22"
"1292",0.0377002394259932,0.145841430883868,"10","74","22"
"1293",0.0364961413258232,0.157953545888913,"15","74","22"
"1294",0.0370840104221353,0.151722559101409,"20","74","22"
"1295",0.0365133588963053,0.150034970055223,"25","74","22"
"1296",0.039543979052238,0.140615720479102,"5","75","22"
"1297",0.0380716446903931,0.147755985208544,"10","75","22"
"1298",0.0370812799597989,0.16100411464827,"15","75","22"
"1299",0.0374440616662708,0.154983128784886,"20","75","22"
"1300",0.0374635174814669,0.156498805887076,"25","75","22"
"1301",0.03938419671995,0.141265039282622,"5","76","22"
"1302",0.0380274631666667,0.147890615264805,"10","76","22"
"1303",0.0378830139645068,0.158378733729476,"15","76","22"
"1304",0.0380818049502621,0.153097076036233,"20","76","22"
"1305",0.0380368058073724,0.155011715474376,"25","76","22"
"1306",0.0377875671838194,0.144636000483703,"5","77","22"
"1307",0.0379940628082409,0.148682562929553,"10","77","22"
"1308",0.0382629927020185,0.155522336370401,"15","77","22"
"1309",0.0383073429163289,0.1523330224239,"20","77","22"
"1310",0.0382717001466589,0.154720057344754,"25","77","22"
"1311",0.0380040863263667,0.147146303420435,"5","78","22"
"1312",0.0382808805093172,0.150257826827313,"10","78","22"
"1313",0.0386496690597404,0.156937830255894,"15","78","22"
"1314",0.0386456061060155,0.155786407391853,"20","78","22"
"1315",0.0387219454653931,0.158794068791038,"25","78","22"
"1316",0.0392455028745655,0.155389915036393,"5","79","22"
"1317",0.0392343734624489,0.155000550635242,"10","79","22"
"1318",0.039202036438546,0.155133103708954,"15","79","22"
"1319",0.0391691738603966,0.15410770814928,"20","79","22"
"1320",0.0392233631233081,0.156050466983818,"25","79","22"
"1321",0.059218413473304,0.277761920109647,"5","68","23"
"1322",0.0593128870905117,0.275921223227132,"10","68","23"
"1323",0.0591027596879394,0.269325293166958,"15","68","23"
"1324",0.0596436285816643,0.277393970835147,"20","68","23"
"1325",0.0593590480419723,0.277138724300749,"25","68","23"
"1326",0.0584914877576213,0.273286106245727,"5","69","23"
"1327",0.058979732966374,0.273956490439795,"10","69","23"
"1328",0.0590431526792199,0.268670751497829,"15","69","23"
"1329",0.0595424320478993,0.275528557603403,"20","69","23"
"1330",0.0593919554821371,0.276673352318551,"25","69","23"
"1331",0.0593680711424388,0.279909512373322,"5","70","23"
"1332",0.0594289565738341,0.27649488205922,"10","70","23"
"1333",0.0595115779796424,0.271063329045207,"15","70","23"
"1334",0.0600342537555912,0.277191068991599,"20","70","23"
"1335",0.0598273058093458,0.279336514319491,"25","70","23"
"1336",0.0594239022328687,0.280493187077433,"5","71","23"
"1337",0.0593706837677897,0.274280789691969,"10","71","23"
"1338",0.0597947692804599,0.273726173007531,"15","71","23"
"1339",0.0601489313868757,0.278001930381447,"20","71","23"
"1340",0.0599446789025238,0.280497101009692,"25","71","23"
"1341",0.059533955439446,0.283971106050433,"5","72","23"
"1342",0.0592424632561914,0.277329081429164,"10","72","23"
"1343",0.0597231531528994,0.273200266968346,"15","72","23"
"1344",0.0599848529994235,0.277217636920946,"20","72","23"
"1345",0.0599411276091091,0.27878673213368,"25","72","23"
"1346",0.0600237960962904,0.282084062768659,"5","73","23"
"1347",0.0594133851680889,0.275742760358056,"10","73","23"
"1348",0.0596403478225376,0.272156191193294,"15","73","23"
"1349",0.0595928978639961,0.27210561704064,"20","73","23"
"1350",0.0596887932247211,0.274507476172502,"25","73","23"
"1351",0.0607767735229348,0.2856951689898,"5","74","23"
"1352",0.0604436683528162,0.28120879133469,"10","74","23"
"1353",0.0606075149726084,0.27978384531755,"15","74","23"
"1354",0.0604369955702783,0.278593122272104,"20","74","23"
"1355",0.0604045280176136,0.279769681276632,"25","74","23"
"1356",0.0609286821390127,0.281891743662844,"5","75","23"
"1357",0.0605389246751622,0.279392963985276,"10","75","23"
"1358",0.0606396757775374,0.277409104267588,"15","75","23"
"1359",0.0603821870193297,0.276380732915208,"20","75","23"
"1360",0.0602747118523506,0.276466027295892,"25","75","23"
"1361",0.0608166970247763,0.281059789370704,"5","76","23"
"1362",0.060018253900481,0.274705396010394,"10","76","23"
"1363",0.0603165872321662,0.275040381861741,"15","76","23"
"1364",0.060315557933885,0.275238329287062,"20","76","23"
"1365",0.0602058724360009,0.275524111090162,"25","76","23"
"1366",0.0606565695881674,0.28099847091453,"5","77","23"
"1367",0.0594515122893752,0.271992831149167,"10","77","23"
"1368",0.0599060923550894,0.275372553240024,"15","77","23"
"1369",0.0601863506335675,0.275869581590968,"20","77","23"
"1370",0.0600469265035965,0.274952838399384,"25","77","23"
"1371",0.0602612903854035,0.274401927260244,"5","78","23"
"1372",0.0596715391249405,0.272587586929428,"10","78","23"
"1373",0.0599584378868842,0.273068278630819,"15","78","23"
"1374",0.0601596221341874,0.274248039265697,"20","78","23"
"1375",0.0601620014816352,0.274717225956888,"25","78","23"
"1376",0.0601659951443615,0.27394880234613,"5","79","23"
"1377",0.0595812479047316,0.272975143914806,"10","79","23"
"1378",0.0595752563338525,0.272911525083542,"15","79","23"
"1379",0.0597411489352139,0.274994319875937,"20","79","23"
"1380",0.0597829017946505,0.274153768176877,"25","79","23"
"1381",0.0501683650366121,0.23662171832634,"5","68","24"
"1382",0.0494816766390961,0.240301155066737,"10","68","24"
"1383",0.0493580657199742,0.233239056634301,"15","68","24"
"1384",0.0499722407923063,0.236474220635663,"20","68","24"
"1385",0.0502813339191728,0.243155222710101,"25","68","24"
"1386",0.0515982113791147,0.242836733129789,"5","69","24"
"1387",0.0502532827172273,0.244076034908557,"10","69","24"
"1388",0.0499416169591304,0.238240867858469,"15","69","24"
"1389",0.0509086336643769,0.243083942601718,"20","69","24"
"1390",0.0508735774688225,0.24495176194513,"25","69","24"
"1391",0.0505016409659094,0.231500511700829,"5","70","24"
"1392",0.0492575900660594,0.234985913318485,"10","70","24"
"1393",0.0494358208574096,0.234336771339009,"15","70","24"
"1394",0.0504526394617905,0.240240087381571,"20","70","24"
"1395",0.050549630726991,0.241068827694142,"25","70","24"
"1396",0.0490519300572411,0.219073270650745,"5","71","24"
"1397",0.0481722493954397,0.223481294321683,"10","71","24"
"1398",0.0489310213793744,0.226654112825783,"15","71","24"
"1399",0.050143970232235,0.235993219289005,"20","71","24"
"1400",0.0503764414477663,0.238660856890185,"25","71","24"
"1401",0.0461639730797467,0.198602457514591,"5","72","24"
"1402",0.0471866504466594,0.218631200749334,"10","72","24"
"1403",0.0483207583056692,0.223719380628321,"15","72","24"
"1404",0.049147872784198,0.226865947389762,"20","72","24"
"1405",0.0495516936918359,0.230054507344537,"25","72","24"
"1406",0.0461507689919419,0.196590002811434,"5","73","24"
"1407",0.0473359033782463,0.218711130945546,"10","73","24"
"1408",0.0484975546434293,0.223566218611911,"15","73","24"
"1409",0.0485978442257892,0.218739930998029,"20","73","24"
"1410",0.0488009671999053,0.220483285948426,"25","73","24"
"1411",0.0461616928202976,0.195523273871595,"5","74","24"
"1412",0.0474974242451749,0.211152531415718,"10","74","24"
"1413",0.0486430325793018,0.22124846390422,"15","74","24"
"1414",0.048618800636503,0.216910024193177,"20","74","24"
"1415",0.0490167662686406,0.22063327439748,"25","74","24"
"1416",0.0477830734748029,0.198890976281062,"5","75","24"
"1417",0.0470914854752906,0.203510132772445,"10","75","24"
"1418",0.0481356140678635,0.211524998601458,"15","75","24"
"1419",0.0481788448165702,0.210577372841615,"20","75","24"
"1420",0.0481092365457372,0.206565891938428,"25","75","24"
"1421",0.0479353846993952,0.198798393022945,"5","76","24"
"1422",0.0471289240338878,0.201320141532123,"10","76","24"
"1423",0.0477198503251878,0.207089676257406,"15","76","24"
"1424",0.047884989563335,0.205439118708682,"20","76","24"
"1425",0.0477841206286085,0.201921058822398,"25","76","24"
"1426",0.0468738460672169,0.195376767232269,"5","77","24"
"1427",0.047240840065437,0.198119450439499,"10","77","24"
"1428",0.0478037744418395,0.201119726930002,"15","77","24"
"1429",0.0481084166587744,0.202249321457053,"20","77","24"
"1430",0.0481458831745485,0.201573764608752,"25","77","24"
"1431",0.0507100782914723,0.216842731843042,"5","78","24"
"1432",0.0507757657600087,0.212375358077445,"10","78","24"
"1433",0.050382957739613,0.212194165161857,"15","78","24"
"1434",0.0502351378407429,0.210137065545127,"20","78","24"
"1435",0.049858208340511,0.208399377018869,"25","78","24"
"1436",0.0516888686930712,0.21305230427836,"5","79","24"
"1437",0.0515319693095466,0.210901851012976,"10","79","24"
"1438",0.0513597713734422,0.210312944806728,"15","79","24"
"1439",0.0512519748446587,0.20878597939267,"20","79","24"
"1440",0.0511749579722529,0.207877602316559,"25","79","24"
