"x1","x2","x3","x4","x5","x6","x7","x8","y"
0.282051,0.128205,1,0.230769,1,0.282051,0.564103,0.025641,37.5671825944462
0.948718,0.538462,0.666667,0.461539,0.794872,0.128205,0.487179,0.948718,184.496263686215
0.820513,0.051282,0.820513,0.435897,0.564103,0.769231,0.641026,0.846154,107.624871962972
0.615385,0.153846,0.487179,0.564103,0.871795,0.051282,1,0.641026,91.6874750681609
0.128205,0.384615,0.794872,0.358974,0.25641,0.615385,0.538462,0.897436,26.6525222043275
0.333333,0.410256,0.025641,0.307692,0.717949,0.74359,0.410256,0.128205,38.8165164889678
0.435897,0.512821,0.358974,0.179487,0.076923,0.102564,0.974359,0.076923,49.3080823283746
0.846154,0.615385,0.948718,0.051282,0.512821,0.461539,0.897436,0.333333,88.7011950464009
0.717949,0.307692,0,0.769231,0.666667,0.897436,0.820513,0.384615,86.1566670960326
0.307692,0.564103,0.282051,0.589744,0.974359,0.153846,0.717949,0.923077,54.5868333823546
0.384615,0.820513,0.102564,0.205128,0.230769,0.538462,0.512821,0.589744,48.4239730464515
0.871795,1,0.564103,0.871795,0.820513,0.717949,0.794872,0.282051,121.104030931615
0.179487,0.358974,0.051282,0.487179,0.769231,0.358974,0.358974,0.179487,34.2889550003955
0.153846,0.974359,0.179487,0.025641,0.74359,0.974359,0.153846,0.230769,20.2727817723953
0.051282,0.692308,0.692308,0.384615,0.307692,1,0.846154,0.692308,14.6969319162178
0.358974,0.74359,0.435897,0.641026,0.333333,0.179487,0.128205,0.717949,76.3291557791913
0,0.794872,0.923077,0.615385,0.282051,0.820513,0.615385,0.615385,15.9162759029853
0.974359,0.641026,0.769231,0.333333,0,0.589744,0.282051,0.307692,143.349474307898
0.410256,0.923077,0.205128,0.794872,0.102564,0.025641,0.461539,0.769231,82.7572693562403
0.897436,0.179487,0.512821,0.666667,0.692308,0.846154,0.666667,1,131.691642752443
0.102564,0.589744,0.384615,0.948718,0.179487,0.564103,0.871795,0.461539,25.8494980632226
0.692308,0.435897,0.589744,0.410256,0.153846,0.641026,0.948718,0.487179,76.8693666569845
1,0.717949,0.153846,0.974359,0.025641,0.230769,0.769231,0.153846,173.704988909431
0.641026,0.025641,0.641026,0.282051,0.051282,0.410256,0.051282,0,95.5996298084167
0.025641,0.25641,0.538462,0.076923,0.461539,0.512821,0.923077,0.974359,15.0893025720243
0.205128,0.102564,0.076923,0.25641,0.384615,0.205128,0.179487,0.410256,40.6379031124576
0.25641,0,0.410256,1,0.487179,0.487179,0.025641,0.435897,60.0813430361603
0.794872,0.487179,0.615385,0.538462,0.205128,0.923077,0.307692,0.512821,107.85127327987
0.769231,0.666667,0.461539,0,0.435897,0.25641,0.230769,0.74359,119.319295115145
0.589744,0.282051,0.128205,0.102564,0.641026,0.948718,0.435897,0.794872,59.4042755651318
0.564103,0.846154,0.974359,0.153846,0.948718,0.333333,0.333333,0.051282,72.4904678339225
0.512821,0.897436,0.871795,0.923077,0.923077,0.384615,0.076923,0.666667,110.536722841673
0.461539,0.205128,0.25641,0.820513,0.897436,0.307692,0.74359,0.205128,68.2581386835603
0.230769,0.948718,0.74359,0.846154,0.538462,0.666667,0.384615,0.538462,43.0485301735697
0.538462,0.871795,0.307692,0.717949,0.846154,0.794872,0.692308,0.102564,63.3189959252281
0.487179,0.076923,0.897436,0.74359,0.128205,0.435897,0.589744,0.25641,71.5099294253066
0.666667,0.230769,0.717949,0.897436,0.589744,0.871795,0.102564,0.358974,112.415421768606
0.923077,0.769231,0.230769,0.128205,0.615385,0.076923,0.205128,0.820513,175.590420915241
0.74359,0.333333,0.333333,0.512821,0.358974,0.692308,0,0.871795,135.419625915575
0.076923,0.461539,0.846154,0.692308,0.410256,0,0.25641,0.564103,34.1633020765385
0.282051,0.230769,0.128205,0.564103,1,0.282051,0.025641,1,65.8517751580443
0.128205,0.461539,0.538462,0.487179,0.666667,0.948718,0.948718,0.794872,20.3893380958113
0.769231,0.435897,0.051282,0.641026,0.820513,0.820513,0.846154,0.564103,93.9425783345669
0.051282,0.564103,0.153846,1,0.487179,0.615385,0.641026,0.871795,25.4836451424522
0.615385,0.358974,0.384615,0.538462,0.794872,0.128205,0.897436,0.25641,84.7306127866458
0.74359,0.307692,0.410256,0.410256,0.025641,0.333333,0.128205,0.717949,137.539640495602
0.102564,0.179487,0.512821,0.974359,0.358974,0.435897,0.076923,0.076923,34.7805726088971
0.461539,0.051282,0.615385,0.897436,0.948718,0.846154,0.333333,0.512821,72.0179387744858
0.897436,0.769231,0.307692,0.820513,0,0.717949,0.384615,0.666667,154.6076360754
0.153846,0.589744,0.564103,0.717949,0.282051,0.307692,0.923077,0.974359,33.2821283201953
0.538462,0.205128,0.820513,0.512821,0.102564,0.384615,0.589744,0.230769,73.4356905474874
0.717949,0.871795,1,0.794872,0.564103,0.871795,0.282051,0.820513,118.199653576151
0.358974,0.487179,0.358974,0.358974,0.051282,0.179487,0.179487,0.769231,67.8246415984081
0.974359,0.025641,0.974359,0.153846,0.179487,0.153846,0.230769,0.74359,179.783552735216
1,0.384615,0.692308,0.846154,0.692308,0.051282,0.692308,0.307692,188.488185048384
0.179487,0.641026,0.74359,0.128205,0.435897,0.358974,0.717949,0.333333,26.3953762192778
0.820513,0.615385,0.794872,0.615385,0.923077,0,0.615385,0.282051,141.548407031097
0.589744,0.333333,0.641026,0.282051,0.769231,0.974359,0.307692,0,58.565163399257
0.025641,0.794872,0.923077,0.461539,0.205128,0.410256,0.769231,0.102564,16.6812624786862
0.846154,0.666667,0.179487,0.666667,0.512821,0.897436,1,0.692308,100.228255881875
0.564103,0.948718,0.589744,0.871795,0.384615,0.102564,0.461539,0.179487,100.446594591571
0.641026,0.410256,0.435897,0.948718,0.589744,0.692308,0.487179,0.153846,95.421181463533
0.230769,0.974359,0.717949,0.769231,0.153846,1,0.153846,0.025641,36.0123475476366
0.410256,0.282051,0.025641,0.051282,0.641026,0.641026,0,0.051282,50.5552649501256
0.512821,0.076923,0.25641,0.923077,0.538462,0.025641,0.974359,0.461539,83.2848482720547
0.205128,0.25641,0.102564,0.179487,0.076923,0.205128,0.410256,0.384615,35.3942084878391
0.487179,1,0,0.025641,0.410256,0.25641,0.435897,0.487179,63.9123645971376
0.923077,0.538462,0.487179,0.307692,0.615385,0.794872,0.512821,0.205128,106.861052579669
0.25641,0,0.666667,0.230769,0.461539,0.769231,0.74359,0.435897,28.4559855118703
0.948718,0.102564,0.282051,0.435897,0.128205,0.589744,0.794872,0.641026,127.348541236646
0.333333,0.153846,0.846154,0.333333,0.974359,0.564103,0.051282,0.948718,59.2325541598698
0.384615,0.923077,0.897436,0.076923,0.871795,0.512821,0.666667,0.923077,46.2997843652038
0.307692,0.820513,0.205128,0.74359,0.25641,0.461539,0.205128,0.897436,63.1931273052125
0.666667,0.846154,0.948718,0.384615,0.74359,0.230769,0.538462,0.538462,101.710983577439
0.794872,0.717949,0.871795,0.692308,0.307692,0.538462,0.102564,0.846154,159.466533917675
0.435897,0.74359,0.076923,0.589744,0.897436,0.487179,0.25641,0.128205,66.4550160330732
0.871795,0.897436,0.230769,0.102564,0.717949,0.666667,0.358974,0.589744,109.798324848119
0.076923,0.128205,0.769231,0.205128,0.230769,0.923077,0.820513,0.615385,15.0904678151821
0.692308,0.512821,0.333333,0,0.333333,0.74359,0.871795,0.358974,58.9076993381609
0,0.692308,0.461539,0.25641,0.846154,0.076923,0.564103,0.410256,18.3028633458297
0.025641,0.128205,1,0.564103,0.230769,0.282051,1,0.282051,17.4998344196245
0.948718,0.538462,0.666667,0.487179,0.461539,0.128205,0.794872,0.948718,165.598008823575
0.846154,0.051282,0.820513,0.641026,0.435897,0.769231,0.564103,0.820513,125.801291398434
0.641026,0.153846,0.487179,1,0.564103,0.051282,0.871795,0.615385,114.441494524722
0.897436,0.384615,0.794872,0.538462,0.358974,0.615385,0.25641,0.128205,136.626031430898
0.128205,0.410256,0.025641,0.410256,0.307692,0.74359,0.717949,0.333333,21.5080205228453
0.076923,0.512821,0.358974,0.974359,0.179487,0.102564,0.076923,0.435897,38.2435757244428
0.333333,0.615385,0.948718,0.897436,0.051282,0.461539,0.512821,0.846154,61.7875474959893
0.384615,0.307692,0,0.820513,0.769231,0.897436,0.666667,0.717949,52.6360190038892
0.923077,0.564103,0.282051,0.717949,0.589744,0.153846,0.974359,0.307692,142.669180323229
0.589744,0.820513,0.102564,0.512821,0.205128,0.538462,0.230769,0.384615,90.8605038485618
0.282051,1,0.564103,0.794872,0.871795,0.717949,0.820513,0.871795,42.7034728063462
0.179487,0.358974,0.051282,0.358974,0.487179,0.358974,0.769231,0.179487,27.7379330220808
0.230769,0.974359,0.179487,0.153846,0.025641,0.974359,0.74359,0.153846,21.2381193019619
0.692308,0.692308,0.692308,0.846154,0.384615,1,0.307692,0.051282,92.7668183636823
0.717949,0.74359,0.435897,0.128205,0.641026,0.179487,0.333333,0.358974,106.883196239632
0.615385,0.794872,0.923077,0.615385,0.615385,0.820513,0.282051,0,79.4768658558591
0.307692,0.641026,0.769231,0.282051,0.333333,0.589744,0,0.974359,55.2123900586823
0.769231,0.923077,0.205128,0.461539,0.794872,0.025641,0.102564,0.410256,156.812406251258
1,0.179487,0.512821,0.666667,0.666667,0.846154,0.692308,0.897436,147.320424416645
0.461539,0.589744,0.384615,0.871795,0.948718,0.564103,0.179487,0.102564,78.0877812430061
0.487179,0.435897,0.589744,0.948718,0.410256,0.641026,0.153846,0.692308,93.7347695257117
0.153846,0.717949,0.153846,0.769231,0.974359,0.230769,0.025641,1,50.4403399956576
0,0.025641,0.641026,0.051282,0.282051,0.410256,0.051282,0.641026,18.9773175490552
0.974359,0.25641,0.538462,0.923077,0.076923,0.512821,0.461539,0.025641,164.386127171454
0.410256,0.102564,0.076923,0.179487,0.25641,0.205128,0.384615,0.205128,57.3680187885341
0.435897,0,0.410256,0.025641,1,0.487179,0.487179,0.25641,48.1876094488886
0.512821,0.487179,0.615385,0.307692,0.538462,0.923077,0.205128,0.794872,64.9878311923301
0.74359,0.666667,0.461539,0.230769,0,0.25641,0.435897,0.769231,116.417602102728
0.794872,0.282051,0.128205,0.435897,0.102564,0.948718,0.641026,0.589744,89.7366058231402
0.051282,0.846154,0.974359,0.333333,0.153846,0.333333,0.948718,0.564103,18.5600030952033
0.666667,0.897436,0.871795,0.076923,0.923077,0.384615,0.923077,0.512821,72.1972287817369
0.205128,0.205128,0.25641,0.74359,0.820513,0.307692,0.897436,0.461539,35.7398963332183
0.538462,0.948718,0.74359,0.384615,0.846154,0.666667,0.538462,0.230769,62.9491178380514
0.102564,0.871795,0.307692,0.692308,0.717949,0.794872,0.846154,0.538462,21.8920735553198
0.25641,0.076923,0.897436,0.589744,0.74359,0.435897,0.128205,0.487179,50.6706603756335
0.358974,0.230769,0.717949,0.102564,0.897436,0.871795,0.589744,0.666667,35.6430028231521
0.820513,0.769231,0.230769,0.205128,0.128205,0.076923,0.615385,0.923077,133.952210020108
0.871795,0.333333,0.333333,0,0.512821,0.692308,0.358974,0.74359,105.22217777239
0.564103,0.461539,0.846154,0.25641,0.692308,0,0.410256,0.076923,84.3004548551647
0.025641,1,0.564103,0.282051,0.282051,1,0.230769,0.128205,14.3280178418737
0.948718,0.794872,0.487179,0.948718,0.128205,0.666667,0.461539,0.538462,168.387544307234
0.846154,0.564103,0.641026,0.820513,0.769231,0.820513,0.435897,0.051282,119.696990534037
0.641026,0.871795,1,0.615385,0.051282,0.487179,0.564103,0.153846,87.8652442061412
0.897436,0.25641,0.538462,0.128205,0.615385,0.794872,0.358974,0.384615,103.349193967637
0.128205,0.717949,0.410256,0.333333,0.74359,0.025641,0.307692,0.410256,33.6556196323704
0.076923,0.076923,0.974359,0.435897,0.102564,0.358974,0.179487,0.512821,28.0750456500214
0.333333,0.512821,0.897436,0.846154,0.461539,0.948718,0.051282,0.615385,58.7948940129746
0.384615,0.666667,0.820513,0.717949,0.897436,0,0.769231,0.307692,62.5919494538446
0.923077,0.974359,0.717949,0.307692,0.153846,0.282051,0.589744,0.564103,140.640821138879
0.589744,0.230769,0.512821,0.384615,0.538462,0.102564,0.205128,0.820513,113.199727465831
0.282051,0.820513,0.794872,0.871795,0.717949,0.564103,0.871795,1,46.9067644492982
0.179487,0.769231,0.358974,0.179487,0.358974,0.051282,0.487179,0.358974,33.7456184101659
0.230769,0.74359,0.153846,0.153846,0.974359,0.179487,0.025641,0.974359,50.7104803236313
0.692308,0.307692,0.846154,0.051282,1,0.692308,0.384615,0.692308,80.5376593257006
0.717949,0.333333,0.128205,0.358974,0.179487,0.435897,0.641026,0.74359,100.648809289866
0.615385,0.282051,0.615385,0,0.820513,0.923077,0.615385,0.794872,55.160925989001
0.307692,0,0.282051,0.974359,0.589744,0.769231,0.333333,0.641026,55.4406848324449
0.769231,0.102564,0.461539,0.410256,0.025641,0.205128,0.794872,0.923077,119.61745453061
1,0.692308,0.666667,0.897436,0.846154,0.512821,0.666667,0.179487,161.632833606639
0.461539,0.179487,0.871795,0.102564,0.564103,0.384615,0.948718,0.589744,50.0305381798849
0.487179,0.153846,0.948718,0.692308,0.641026,0.589744,0.410256,0.435897,73.7875393435054
0.153846,0.025641,0.769231,1,0.230769,0.153846,0.974359,0.717949,36.0077446074171
0,0.051282,0.051282,0.641026,0.410256,0.641026,0.282051,0.025641,17.6424187923987
0.974359,0.461539,0.923077,0.025641,0.512821,0.538462,0.076923,0.25641,137.946474954699
0.410256,0.384615,0.179487,0.205128,0.205128,0.076923,0.25641,0.102564,63.0646406333212
0.435897,0.487179,0.025641,0.25641,0.487179,0.410256,1,0,43.6736660957427
0.512821,0.205128,0.307692,0.794872,0.923077,0.615385,0.538462,0.487179,76.8254182277437
0.74359,0.435897,0.230769,0.769231,0.25641,0.461539,0,0.666667,158.514594463608
0.794872,0.641026,0.435897,0.589744,0.948718,0.128205,0.102564,0.282051,160.504433569604
0.051282,0.948718,0.333333,0.564103,0.333333,0.974359,0.153846,0.846154,22.2585790717089
0.666667,0.923077,0.076923,0.512821,0.384615,0.871795,0.923077,0.897436,75.6694804631578
0.205128,0.897436,0.74359,0.461539,0.307692,0.25641,0.820513,0.205128,31.9727629927337
0.538462,0.538462,0.384615,0.230769,0.666667,0.74359,0.846154,0.948718,57.6523633366743
0.102564,0.846154,0.692308,0.538462,0.794872,0.307692,0.717949,0.871795,27.9586983696409
0.25641,0.128205,0.589744,0.487179,0.435897,0.897436,0.74359,0.076923,28.1648396321234
0.358974,0.589744,0.102564,0.666667,0.871795,0.717949,0.897436,0.230769,41.896002780491
0.820513,0.615385,0.205128,0.923077,0.076923,0.230769,0.128205,0.769231,194.860054890369
0.871795,0.358974,0,0.74359,0.692308,0.333333,0.512821,0.333333,149.603475961656
0.564103,0.410256,0.25641,0.076923,0,0.846154,0.692308,0.461539,50.2859880985737
0.282051,0.128205,0.282051,0.025641,0.564103,1,1,0.230769,20.4610307162911
0.948718,0.538462,0.128205,0.948718,0.487179,0.666667,0.794872,0.461539,146.77859896608
0.820513,0.051282,0.769231,0.846154,0.641026,0.820513,0.564103,0.435897,120.060059743662
0.615385,0.153846,0.051282,0.641026,1,0.487179,0.871795,0.564103,82.7971280682278
0.128205,0.384615,0.615385,0.897436,0.538462,0.794872,0.25641,0.358974,31.4911885075792
0.333333,0.410256,0.74359,0.128205,0.410256,0.025641,0.717949,0.307692,45.4633788728347
0.435897,0.512821,0.102564,0.076923,0.974359,0.358974,0.076923,0.179487,61.8459207434612
0.846154,0.615385,0.461539,0.333333,0.897436,0.948718,0.512821,0.051282,86.5420069862231
0.717949,0.307692,0.897436,0.384615,0.820513,0,0.666667,0.769231,120.292991511342
0.307692,0.564103,0.153846,0.923077,0.717949,0.282051,0.974359,0.589744,50.1854613259267
0.384615,0.820513,0.538462,0.589744,0.512821,0.102564,0.230769,0.205128,70.3334938776474
0.871795,1,0.717949,0.282051,0.794872,0.564103,0.820513,0.871795,111.835982545387
0.179487,0.358974,0.358974,0.179487,0.358974,0.051282,0.769231,0.487179,31.1198336231927
0.153846,0.974359,0.974359,0.230769,0.153846,0.179487,0.74359,0.025641,25.591708926813
0.051282,0.692308,1,0.692308,0.846154,0.692308,0.307692,0.384615,22.8837818492629
0.358974,0.74359,0.179487,0.717949,0.128205,0.435897,0.333333,0.641026,64.3011955228794
0,0.794872,0.820513,0.615385,0.615385,0.923077,0.282051,0.615385,17.3970470193097
0.974359,0.641026,0.589744,0.307692,0.282051,0.769231,0,0.333333,149.007667016153
0.410256,0.923077,0.025641,0.769231,0.461539,0.205128,0.102564,0.794872,91.1367936528427
0.897436,0.179487,0.846154,1,0.666667,0.512821,0.692308,0.666667,159.124611590372
0.102564,0.589744,0.564103,0.461539,0.871795,0.384615,0.179487,0.948718,33.2992123483455
0.692308,0.435897,0.641026,0.487179,0.948718,0.589744,0.153846,0.410256,109.82430302551
1,0.717949,0.230769,0.153846,0.769231,0.153846,0.025641,0.974359,213.614102189404
0.641026,0.025641,0.410256,0,0.051282,0.641026,0.051282,0.282051,78.7868030319723
0.025641,0.25641,0.512821,0.974359,0.923077,0.538462,0.461539,0.076923,21.5816108798244
0.205128,0.102564,0.205128,0.410256,0.179487,0.076923,0.384615,0.25641,40.0882177316631
0.25641,0,0.487179,0.435897,0.025641,0.410256,0.487179,1,45.431861158525
0.794872,0.487179,0.923077,0.512821,0.307692,0.615385,0.205128,0.538462,129.221264168644
0.769231,0.666667,0.25641,0.74359,0.230769,0.461539,0.435897,0,117.275586463249
0.589744,0.282051,0.948718,0.794872,0.435897,0.128205,0.641026,0.102564,93.5592288303901
0.564103,0.846154,0.333333,0.051282,0.333333,0.974359,0.948718,0.153846,39.1331897482559
0.512821,0.897436,0.384615,0.666667,0.076923,0.871795,0.923077,0.923077,61.6074249503598
0.461539,0.205128,0.307692,0.205128,0.74359,0.25641,0.897436,0.820513,58.9838138261446
0.230769,0.948718,0.666667,0.538462,0.384615,0.74359,0.538462,0.846154,36.5411626677839
0.538462,0.871795,0.794872,0.102564,0.692308,0.307692,0.846154,0.717949,64.1398465358358
0.487179,0.076923,0.435897,0.25641,0.589744,0.897436,0.128205,0.74359,62.5262147503434
0.666667,0.230769,0.871795,0.358974,0.102564,0.717949,0.589744,0.897436,85.2633580859959
0.923077,0.769231,0.076923,0.820513,0.205128,0.230769,0.615385,0.128205,156.98083547996
0.74359,0.333333,0.692308,0.871795,0,0.333333,0.358974,0.512821,141.475680776101
0.076923,0.461539,0,0.564103,0.25641,0.846154,0.410256,0.692308,22.5120555319631
0.564103,1,0.282051,0.230769,0.282051,0.128205,0.025641,1,113.049802281262
0.487179,0.794872,0.128205,0.461539,0.948718,0.538462,0.948718,0.666667,58.6776949626893
0.641026,0.564103,0.769231,0.435897,0.820513,0.051282,0.846154,0.820513,99.9595542004162
1,0.871795,0.051282,0.564103,0.615385,0.153846,0.641026,0.487179,175.161966077421
0.538462,0.25641,0.615385,0.358974,0.128205,0.384615,0.897436,0.794872,69.0227605057428
0.410256,0.717949,0.74359,0.307692,0.333333,0.410256,0.128205,0.025641,59.7833263381483
0.974359,0.076923,0.102564,0.179487,0.435897,0.512821,0.076923,0.358974,154.379961958233
0.897436,0.512821,0.461539,0.051282,0.846154,0.615385,0.333333,0.948718,123.312220190271
0.820513,0.666667,0.897436,0.769231,0.717949,0.307692,0.384615,0,138.535145381049
0.717949,0.974359,0.153846,0.589744,0.307692,0.564103,0.923077,0.282051,86.7121360040398
0.512821,0.230769,0.538462,0.205128,0.384615,0.820513,0.589744,0.102564,48.1747226953269
0.794872,0.820513,0.717949,0.871795,0.871795,1,0.282051,0.564103,124.482620334082
0.358974,0.769231,0.358974,0.487179,0.179487,0.358974,0.179487,0.051282,57.497833462399
0.153846,0.74359,0.974359,0.025641,0.153846,0.974359,0.230769,0.179487,19.3453878853444
0.846154,0.307692,1,0.384615,0.051282,0.692308,0.692308,0.692308,107.363874772074
0.128205,0.333333,0.179487,0.641026,0.358974,0.74359,0.717949,0.435897,24.3989499027642
0.615385,0.282051,0.820513,0.615385,0,0.794872,0.615385,0.923077,84.2916059298313
0.282051,0,0.589744,0.333333,0.974359,0.641026,0.307692,0.769231,43.3468607494508
0.461539,0.102564,0.025641,0.794872,0.410256,0.923077,0.769231,0.205128,52.7913947739203
0.666667,0.692308,0.846154,0.666667,0.897436,0.179487,1,0.512821,96.8763838243546
0.871795,0.179487,0.564103,0.948718,0.102564,0.589744,0.461539,0.384615,151.023059014495
0.948718,0.153846,0.641026,0.410256,0.692308,0.435897,0.487179,0.589744,150.023378917761
0.769231,0.025641,0.230769,0.974359,1,0.717949,0.153846,0.153846,136.430644516376
0.051282,0.051282,0.410256,0.282051,0.641026,0.025641,0,0.641026,30.7346579676477
0.923077,0.461539,0.512821,0.076923,0.025641,0.25641,0.974359,0.538462,111.752235050443
0.179487,0.384615,0.205128,0.25641,0.205128,0.102564,0.410256,0.076923,33.1295928547039
0.025641,0.487179,0.487179,1,0.25641,0,0.435897,0.410256,28.0032563699653
0.307692,0.205128,0.923077,0.538462,0.794872,0.487179,0.512821,0.615385,48.1804910290687
0.230769,0.435897,0.25641,0,0.769231,0.666667,0.74359,0.461539,24.859143992254
0.435897,0.641026,0.948718,0.102564,0.589744,0.282051,0.794872,0.128205,47.6575657203619
0.333333,0.948718,0.333333,0.153846,0.564103,0.846154,0.051282,0.974359,46.8725974258499
0.076923,0.923077,0.384615,0.923077,0.512821,0.897436,0.666667,0.871795,24.0943996689788
0.74359,0.897436,0.307692,0.820513,0.461539,0.205128,0.205128,0.25641,147.705543830805
0.384615,0.538462,0.666667,0.846154,0.230769,0.948718,0.538462,0.74359,54.8578835659679
0.692308,0.846154,0.794872,0.717949,0.538462,0.871795,0.102564,0.307692,107.48884916802
0.589744,0.128205,0.435897,0.74359,0.487179,0.076923,0.25641,0.897436,128.24743692714
0.102564,0.589744,0.871795,0.897436,0.666667,0.230769,0.358974,0.717949,36.431954436238
0.205128,0.615385,0.076923,0.128205,0.923077,0.769231,0.820513,0.230769,21.7901155124158
0,0.358974,0.692308,0.512821,0.74359,0.333333,0.871795,0.333333,16.0880919498592
0.25641,0.410256,0,0.692308,0.076923,0.461539,0.564103,0.846154,46.3604825938751
0.282051,1,0.230769,0.564103,0.025641,0.128205,1,0.282051,40.8385849078329
0.128205,0.794872,0.461539,0.487179,0.948718,0.538462,0.666667,0.948718,28.0678660316617
0.769231,0.564103,0.435897,0.641026,0.846154,0.051282,0.820513,0.820513,133.783532635518
0.051282,0.871795,0.564103,1,0.641026,0.153846,0.487179,0.615385,30.0162260145107
0.615385,0.25641,0.358974,0.538462,0.897436,0.384615,0.794872,0.128205,77.7435400797809
0.74359,0.717949,0.307692,0.410256,0.128205,0.410256,0.025641,0.333333,129.788345896392
0.102564,0.076923,0.179487,0.974359,0.076923,0.512821,0.358974,0.435897,32.1583340889161
0.461539,0.512821,0.051282,0.897436,0.333333,0.615385,0.948718,0.846154,66.3569391798533
0.897436,0.666667,0.769231,0.820513,0.384615,0.307692,0,0.717949,216.837257485723
0.153846,0.974359,0.589744,0.717949,0.923077,0.564103,0.282051,0.307692,34.0600385959254
0.538462,0.230769,0.205128,0.512821,0.589744,0.820513,0.102564,0.384615,77.4288259722333
0.717949,0.820513,0.871795,0.794872,0.282051,1,0.564103,0.871795,100.331387279327
0.358974,0.769231,0.487179,0.358974,0.179487,0.358974,0.051282,0.179487,59.6183810983705
0.974359,0.74359,0.025641,0.153846,0.230769,0.974359,0.179487,0.153846,107.61097584457
1,0.307692,0.384615,0.846154,0.692308,0.692308,0.692308,0.051282,142.912885610184
0.179487,0.333333,0.641026,0.128205,0.717949,0.74359,0.435897,0.358974,24.4037361073111
0.820513,0.282051,0.615385,0.615385,0.615385,0.794872,0.923077,0,87.9814276501243
0.589744,0,0.333333,0.282051,0.307692,0.641026,0.769231,0.974359,70.9379992532382
0.025641,0.102564,0.794872,0.461539,0.769231,0.923077,0.205128,0.410256,17.7105478152682
0.846154,0.692308,0.666667,0.666667,1,0.179487,0.512821,0.897436,165.286207422913
0.564103,0.179487,0.948718,0.871795,0.461539,0.589744,0.384615,0.102564,86.4750903416074
0.641026,0.153846,0.410256,0.948718,0.487179,0.435897,0.589744,0.692308,112.022047967428
0.230769,0.025641,0.974359,0.769231,0.153846,0.717949,0.153846,1,49.4348323869847
0.410256,0.051282,0.282051,0.051282,0,0.025641,0.641026,0.641026,57.7781741854718
0.512821,0.461539,0.076923,0.923077,0.974359,0.25641,0.538462,0.025641,82.8154605105361
0.205128,0.384615,0.25641,0.179487,0.410256,0.102564,0.076923,0.205128,41.2750655323777
0.487179,0.487179,1,0.025641,0.435897,0,0.410256,0.25641,68.8725670658171
0.923077,0.205128,0.538462,0.307692,0.512821,0.487179,0.615385,0.794872,133.89448387743
0.25641,0.435897,0,0.230769,0.74359,0.666667,0.461539,0.769231,35.6614616634075
0.948718,0.641026,0.102564,0.435897,0.794872,0.282051,0.128205,0.589744,188.056614910269
0.333333,0.948718,0.153846,0.333333,0.051282,0.846154,0.974359,0.564103,33.032869946954
0.384615,0.923077,0.923077,0.076923,0.666667,0.897436,0.871795,0.512821,32.0293554963405
0.307692,0.897436,0.820513,0.74359,0.205128,0.205128,0.25641,0.461539,62.1839843081374
0.666667,0.538462,0.846154,0.384615,0.538462,0.948718,0.74359,0.230769,63.7066757287338
0.794872,0.846154,0.717949,0.692308,0.102564,0.871795,0.307692,0.538462,119.161413205647
0.435897,0.128205,0.74359,0.589744,0.25641,0.076923,0.897436,0.487179,64.8361130386632
0.871795,0.589744,0.897436,0.102564,0.358974,0.230769,0.717949,0.666667,119.441310963738
0.076923,0.615385,0.128205,0.205128,0.820513,0.769231,0.230769,0.923077,22.0564653832378
0.692308,0.358974,0.512821,0,0.871795,0.333333,0.333333,0.74359,97.4583794236286
0,0.410256,0.692308,0.25641,0.564103,0.461539,0.846154,0.076923,13.0936798697185
0.025641,1,0.128205,0.564103,0.230769,0.282051,1,0.282051,17.4957427364932
0.948718,0.794872,0.538462,0.487179,0.461539,0.128205,0.666667,0.948718,173.403901832947
0.846154,0.564103,0.051282,0.641026,0.435897,0.769231,0.820513,0.820513,114.24343182094
0.641026,0.871795,0.153846,1,0.564103,0.051282,0.487179,0.615385,131.900601258127
0.897436,0.25641,0.384615,0.538462,0.358974,0.615385,0.794872,0.128205,110.575389201285
0.128205,0.717949,0.410256,0.410256,0.307692,0.74359,0.025641,0.333333,28.833553217132
0.076923,0.076923,0.512821,0.974359,0.179487,0.102564,0.358974,0.435897,33.6939572039346
0.333333,0.512821,0.615385,0.897436,0.051282,0.461539,0.948718,0.846154,52.7009057334899
0.384615,0.666667,0.307692,0.820513,0.769231,0.897436,0,0.717949,70.0795832143911
0.923077,0.974359,0.564103,0.717949,0.589744,0.153846,0.282051,0.307692,185.40005072396
0.589744,0.230769,0.820513,0.512821,0.205128,0.538462,0.102564,0.384615,96.4376924285351
0.282051,0.820513,1,0.794872,0.871795,0.717949,0.564103,0.871795,46.9628997864002
0.179487,0.769231,0.358974,0.358974,0.487179,0.358974,0.051282,0.179487,37.4116209353144
0.230769,0.74359,0.974359,0.153846,0.025641,0.974359,0.179487,0.153846,26.7121665121654
0.692308,0.307692,0.692308,0.846154,0.384615,1,0.692308,0.051282,79.6436761064362
0.717949,0.333333,0.74359,0.128205,0.641026,0.179487,0.435897,0.358974,102.465186996162
0.615385,0.282051,0.794872,0.615385,0.615385,0.820513,0.923077,0,62.1595783385267
0.307692,0,0.641026,0.282051,0.333333,0.589744,0.769231,0.974359,40.0090526660059
0.769231,0.102564,0.923077,0.461539,0.794872,0.025641,0.205128,0.410256,149.79747834555
1,0.692308,0.179487,0.666667,0.666667,0.846154,0.512821,0.897436,157.53142251898
0.461539,0.179487,0.589744,0.871795,0.948718,0.564103,0.384615,0.102564,71.4226064476648
0.487179,0.153846,0.435897,0.948718,0.410256,0.641026,0.589744,0.692308,78.0808280843757
0.153846,0.025641,0.717949,0.769231,0.974359,0.230769,0.153846,1,47.4741558217947
0,0.051282,0.025641,0.051282,0.282051,0.410256,0.641026,0.641026,14.7437568221398
0.974359,0.461539,0.25641,0.923077,0.076923,0.512821,0.538462,0.025641,159.363815422652
0.410256,0.384615,0.102564,0.179487,0.25641,0.205128,0.076923,0.205128,65.7815741126227
0.435897,0.487179,0,0.025641,1,0.487179,0.410256,0.25641,49.6428373673344
0.512821,0.205128,0.487179,0.307692,0.538462,0.923077,0.615385,0.794872,54.8702035903662
0.74359,0.435897,0.666667,0.230769,0,0.25641,0.461539,0.769231,115.269807416039
0.794872,0.641026,0.282051,0.435897,0.102564,0.948718,0.128205,0.589744,110.973979618152
0.051282,0.948718,0.846154,0.333333,0.153846,0.333333,0.974359,0.564103,18.4000114460036
0.666667,0.923077,0.897436,0.076923,0.923077,0.384615,0.871795,0.512821,73.4787630953439
0.205128,0.897436,0.205128,0.74359,0.820513,0.307692,0.25641,0.461539,45.8555562587146
0.538462,0.538462,0.948718,0.384615,0.846154,0.666667,0.74359,0.230769,58.2743363221308
0.102564,0.846154,0.871795,0.692308,0.717949,0.794872,0.307692,0.538462,26.9898110701268
0.25641,0.128205,0.076923,0.589744,0.74359,0.435897,0.897436,0.487179,37.2421546755564
0.358974,0.589744,0.230769,0.102564,0.897436,0.871795,0.717949,0.666667,33.9587645599076
0.820513,0.615385,0.769231,0.205128,0.128205,0.076923,0.230769,0.923077,156.748896997795
0.871795,0.358974,0.333333,0,0.512821,0.692308,0.333333,0.74359,106.359058343746
0.564103,0.410256,0.461539,0.25641,0.692308,0,0.846154,0.076923,71.4489271006084
0.564103,0.025641,0.128205,0.282051,1,1,0.282051,0.230769,58.5672956220196
0.487179,0.948718,0.538462,0.948718,0.666667,0.794872,0.128205,0.461539,85.5934500230393
0.641026,0.846154,0.051282,0.820513,0.820513,0.564103,0.769231,0.435897,90.954981312391
1,0.641026,0.153846,0.615385,0.487179,0.871795,0.051282,0.564103,174.29233254429
0.538462,0.897436,0.384615,0.128205,0.794872,0.25641,0.615385,0.358974,67.2703562350012
0.410256,0.128205,0.410256,0.333333,0.025641,0.717949,0.74359,0.307692,43.2844688084652
0.974359,0.076923,0.512821,0.435897,0.358974,0.076923,0.102564,0.179487,195.672527844888
0.897436,0.333333,0.615385,0.846154,0.948718,0.512821,0.461539,0.051282,145.329453979261
0.820513,0.384615,0.307692,0.717949,0,0.666667,0.897436,0.769231,114.049209425315
0.717949,0.923077,0.564103,0.307692,0.282051,0.974359,0.153846,0.589744,89.4307809686351
0.512821,0.589744,0.820513,0.384615,0.102564,0.230769,0.538462,0.205128,71.5675958496178
0.794872,0.282051,1,0.871795,0.564103,0.820513,0.717949,0.871795,119.606048417247
0.358974,0.179487,0.358974,0.179487,0.051282,0.769231,0.358974,0.487179,41.7903149364333
0.153846,0.230769,0.974359,0.153846,0.179487,0.74359,0.974359,0.025641,17.4833899435171
0.846154,0.692308,0.692308,0.051282,0.692308,0.307692,1,0.384615,93.2972951771492
0.128205,0.717949,0.74359,0.358974,0.435897,0.333333,0.179487,0.641026,33.4249098208856
0.615385,0.615385,0.794872,0,0.923077,0.282051,0.820513,0.615385,70.6585924496489
0.282051,0.307692,0.641026,0.974359,0.769231,0,0.589744,0.333333,56.9167083155499
0.461539,0.769231,0.923077,0.410256,0.205128,0.102564,0.025641,0.794872,96.2743664432322
0.666667,1,0.179487,0.897436,0.512821,0.692308,0.846154,0.666667,94.8468125425383
0.871795,0.461539,0.589744,0.102564,0.384615,0.179487,0.564103,0.948718,136.401169093792
0.948718,0.487179,0.435897,0.692308,0.589744,0.153846,0.641026,0.410256,168.364133266613
0.769231,0.153846,0.717949,1,0.153846,0.025641,0.230769,0.974359,195.303851100725
0.051282,0,0.025641,0.641026,0.641026,0.051282,0.410256,0.282051,26.7016259833339
0.923077,0.974359,0.25641,0.025641,0.538462,0.461539,0.512821,0.076923,106.64678200851
0.179487,0.410256,0.102564,0.205128,0.076923,0.384615,0.205128,0.25641,32.7271492025578
0.025641,0.435897,0,0.25641,0.410256,0.487179,0.487179,1,19.6543744481019
0.307692,0.512821,0.487179,0.794872,0.615385,0.205128,0.923077,0.538462,49.6958870215927
0.230769,0.74359,0.666667,0.769231,0.461539,0.435897,0.25641,0,43.0445007173169
0.435897,0.794872,0.282051,0.589744,0.128205,0.641026,0.948718,0.102564,47.4418940595559
0.333333,0.051282,0.846154,0.564103,0.974359,0.948718,0.333333,0.153846,41.3933502819086
0.076923,0.666667,0.897436,0.512821,0.871795,0.923077,0.384615,0.923077,22.3506053908179
0.74359,0.205128,0.205128,0.461539,0.25641,0.897436,0.307692,0.820513,103.061281126297
0.384615,0.538462,0.948718,0.230769,0.74359,0.538462,0.666667,0.846154,48.5958204443544
0.692308,0.102564,0.871795,0.538462,0.307692,0.846154,0.794872,0.717949,81.9497014527151
0.589744,0.25641,0.076923,0.487179,0.897436,0.128205,0.435897,0.74359,104.058650739843
0.102564,0.358974,0.230769,0.666667,0.717949,0.589744,0.871795,0.897436,25.0454841023364
0.205128,0.820513,0.769231,0.923077,0.230769,0.615385,0.076923,0.128205,44.332586388638
0,0.871795,0.333333,0.74359,0.333333,0.358974,0.692308,0.512821,19.1942755372323
0.25641,0.564103,0.461539,0.076923,0.846154,0.410256,0,0.692308,45.4664721209032
0.230769,0.025641,0.282051,1,0.128205,0.282051,0.564103,1,52.7702792291498
0.461539,0.948718,0.128205,0.794872,0.538462,0.948718,0.487179,0.666667,63.7299053667598
0.435897,0.846154,0.769231,0.564103,0.051282,0.820513,0.641026,0.820513,55.8178098248496
0.564103,0.641026,0.051282,0.871795,0.153846,0.615385,1,0.487179,73.7012388102734
0.358974,0.897436,0.615385,0.25641,0.384615,0.128205,0.538462,0.794872,57.469694042894
0.307692,0.128205,0.74359,0.717949,0.410256,0.333333,0.410256,0.025641,50.4275864695406
0.179487,0.076923,0.102564,0.076923,0.512821,0.435897,0.974359,0.358974,22.840327392123
0.051282,0.333333,0.461539,0.512821,0.615385,0.846154,0.897436,0.948718,17.528043085578
0.769231,0.384615,0.897436,0.666667,0.307692,0.717949,0.820513,0,88.9577730073925
0.589744,0.923077,0.153846,0.974359,0.564103,0.307692,0.717949,0.282051,94.4408523538108
0.205128,0.589744,0.538462,0.230769,0.820513,0.384615,0.512821,0.102564,30.3159715304335
0.871795,0.282051,0.717949,0.820513,1,0.871795,0.794872,0.564103,118.122403180218
0.487179,0.179487,0.358974,0.769231,0.358974,0.179487,0.358974,0.051282,82.9122786564091
0.025641,0.230769,0.974359,0.74359,0.974359,0.153846,0.153846,0.179487,26.5735872931667
0.384615,0.692308,1,0.307692,0.692308,0.051282,0.846154,0.692308,56.0589746637853
0.641026,0.717949,0.179487,0.333333,0.74359,0.358974,0.128205,0.435897,105.670351720313
0.615385,0.615385,0.820513,0.282051,0.794872,0,0.615385,0.923077,102.023310253232
0.333333,0.307692,0.589744,0,0.641026,0.974359,0.282051,0.769231,33.962768002047
0.794872,0.769231,0.025641,0.102564,0.923077,0.410256,0.461539,0.205128,98.9505439991809
0.666667,1,0.846154,0.692308,0.179487,0.897436,0.666667,0.512821,82.6841364568927
0.948718,0.461539,0.564103,0.179487,0.589744,0.102564,0.871795,0.384615,130.082328479442
0.410256,0.487179,0.641026,0.153846,0.435897,0.692308,0.948718,0.589744,39.4420968241054
0.974359,0.153846,0.230769,0.025641,0.717949,1,0.769231,0.153846,77.0860252295074
0.282051,0,0.410256,0.051282,0.025641,0.641026,0.051282,0.641026,41.1489353221727
0.076923,0.974359,0.512821,0.461539,0.25641,0.025641,0.923077,0.538462,24.0795875524216
0.25641,0.410256,0.205128,0.384615,0.102564,0.205128,0.179487,0.076923,45.79209119828
1,0.435897,0.487179,0.487179,0,0.25641,0.025641,0.410256,208.684609823246
0.538462,0.512821,0.923077,0.205128,0.487179,0.794872,0.307692,0.615385,63.9675046581638
0,0.74359,0.25641,0.435897,0.666667,0.769231,0.230769,0.461539,17.0529024670497
0.102564,0.794872,0.948718,0.641026,0.282051,0.589744,0.435897,0.128205,25.0424998174304
0.153846,0.051282,0.333333,0.948718,0.846154,0.564103,0.333333,0.974359,41.3440547001893
0.923077,0.666667,0.384615,0.923077,0.897436,0.512821,0.076923,0.871795,215.826453774502
0.820513,0.205128,0.307692,0.897436,0.205128,0.461539,0.74359,0.25641,125.999921957467
0.846154,0.538462,0.666667,0.538462,0.948718,0.230769,0.384615,0.74359,158.714360654589
0.717949,0.102564,0.794872,0.846154,0.871795,0.538462,0.692308,0.307692,105.859103640472
0.74359,0.25641,0.435897,0.128205,0.076923,0.487179,0.589744,0.897436,96.7315718557856
0.897436,0.358974,0.871795,0.589744,0.230769,0.666667,0.102564,0.717949,164.733614013727
0.128205,0.820513,0.076923,0.615385,0.769231,0.923077,0.205128,0.230769,26.2682611731067
0.512821,0.871795,0.692308,0.358974,0.333333,0.74359,0,0.333333,73.6938898437751
0.692308,0.564103,0,0.410256,0.461539,0.076923,0.25641,0.846154,135.297149443195
1,0.564103,0.128205,1,0.282051,0.282051,0.025641,0.230769,239.014270552672
0.666667,0.487179,0.538462,0.794872,0.948718,0.128205,0.948718,0.461539,103.605780585924
0.820513,0.641026,0.051282,0.564103,0.820513,0.769231,0.846154,0.435897,97.9242294097994
0.487179,1,0.153846,0.871795,0.615385,0.051282,0.641026,0.564103,88.7358589640495
0.794872,0.538462,0.384615,0.25641,0.128205,0.615385,0.897436,0.358974,84.4858428633025
0.025641,0.410256,0.410256,0.717949,0.333333,0.74359,0.128205,0.307692,21.9597633885307
0.358974,0.974359,0.512821,0.076923,0.435897,0.102564,0.076923,0.179487,58.309847246644
0.948718,0.897436,0.615385,0.512821,0.846154,0.461539,0.333333,0.051282,147.566357646373
0,0.820513,0.307692,0.666667,0.717949,0.897436,0.384615,0.769231,17.7768021489222
0.282051,0.717949,0.564103,0.974359,0.307692,0.153846,0.923077,0.589744,50.651897756391
0.102564,0.512821,0.820513,0.230769,0.384615,0.538462,0.589744,0.205128,20.4695972870454
0.564103,0.794872,1,0.820513,0.871795,0.717949,0.282051,0.871795,98.3927306674012
0.051282,0.358974,0.358974,0.769231,0.179487,0.358974,0.179487,0.487179,28.9145884788883
0.179487,0.153846,0.974359,0.74359,0.153846,0.974359,0.230769,0.025641,30.0957663939386
0.692308,0.846154,0.692308,0.307692,0.051282,1,0.692308,0.384615,64.9324999575877
0.435897,0.128205,0.74359,0.333333,0.358974,0.179487,0.717949,0.641026,62.512024679513
0.923077,0.615385,0.794872,0.282051,0,0.820513,0.615385,0.615385,108.05024582811
0.769231,0.282051,0.641026,0,0.974359,0.589744,0.307692,0.333333,90.2732050492912
0.205128,0.461539,0.923077,0.102564,0.410256,0.025641,0.769231,0.794872,34.8526693993653
0.512821,0.666667,0.179487,0.692308,0.897436,0.846154,1,0.666667,58.7041674485328
0.384615,0.871795,0.589744,0.179487,0.102564,0.564103,0.461539,0.948718,51.5597965828769
0.589744,0.948718,0.435897,0.153846,0.692308,0.641026,0.487179,0.410256,66.2960401912087
0.153846,0.769231,0.717949,0.025641,1,0.230769,0.153846,0.974359,35.3422802917306
0.641026,0.051282,0.025641,0.051282,0.641026,0.410256,0,0.282051,93.8441378665488
0.538462,0.923077,0.25641,0.461539,0.025641,0.512821,0.974359,0.076923,57.4928858482975
0.076923,0.179487,0.102564,0.384615,0.205128,0.205128,0.410256,0.25641,25.0880557099451
0.410256,0.025641,0,0.487179,0.25641,0.487179,0.435897,1,66.3501920356096
0.615385,0.307692,0.487179,0.205128,0.794872,0.923077,0.512821,0.538462,62.1316736200259
0.461539,0.230769,0.666667,0.435897,0.769231,0.25641,0.74359,0,57.8487168334674
0.128205,0.435897,0.282051,0.641026,0.589744,0.948718,0.794872,0.102564,20.1721520674345
0.974359,0.333333,0.846154,0.948718,0.564103,0.333333,0.051282,0.153846,217.82064823909
0.871795,0.076923,0.897436,0.923077,0.512821,0.384615,0.666667,0.923077,165.323420277222
0.25641,0.74359,0.205128,0.897436,0.461539,0.307692,0.205128,0.820513,60.9418440998946
0.74359,0.384615,0.948718,0.538462,0.230769,0.666667,0.538462,0.846154,108.789126566229
0.307692,0.692308,0.871795,0.846154,0.538462,0.794872,0.102564,0.717949,58.6436961028449
0.897436,0.589744,0.076923,0.128205,0.487179,0.435897,0.25641,0.74359,139.39322955271
0.717949,0.102564,0.230769,0.589744,0.666667,0.871795,0.358974,0.897436,106.050210097235
0.230769,0.205128,0.769231,0.615385,0.923077,0.076923,0.820513,0.128205,38.1083130339694
0.333333,0,0.333333,0.358974,0.74359,0.692308,0.871795,0.512821,37.1705466593054
0.846154,0.25641,0.461539,0.410256,0.076923,0,0.564103,0.692308,151.085447060889
1,1,0.128205,0.282051,0.230769,0.564103,0.025641,0.282051,164.278921545092
0.666667,0.794872,0.538462,0.948718,0.461539,0.487179,0.948718,0.128205,90.1045788958985
0.820513,0.564103,0.051282,0.820513,0.435897,0.641026,0.846154,0.769231,122.461323025668
0.487179,0.871795,0.153846,0.615385,0.564103,1,0.641026,0.051282,50.0820691236572
0.794872,0.25641,0.384615,0.128205,0.358974,0.538462,0.897436,0.615385,86.8583322285407
0.025641,0.717949,0.410256,0.333333,0.307692,0.410256,0.128205,0.74359,23.4299272298602
0.358974,0.076923,0.512821,0.435897,0.179487,0.974359,0.076923,0.102564,45.062976346118
0.948718,0.512821,0.615385,0.846154,0.051282,0.897436,0.333333,0.461539,153.174786172362
0,0.666667,0.307692,0.717949,0.769231,0.820513,0.384615,0.897436,19.2778148904961
0.282051,0.974359,0.564103,0.307692,0.589744,0.717949,0.923077,0.153846,28.7262620371053
0.102564,0.230769,0.820513,0.384615,0.205128,0.512821,0.589744,0.538462,23.7788843773748
0.564103,0.820513,1,0.871795,0.871795,0.794872,0.282051,0.717949,94.6171573308325
0.051282,0.769231,0.358974,0.179487,0.487179,0.358974,0.179487,0.358974,22.3025614493325
0.179487,0.74359,0.974359,0.153846,0.025641,0.153846,0.230769,0.974359,40.1861037643846
0.692308,0.307692,0.692308,0.051282,0.384615,0.846154,0.692308,1,68.8857980734181
0.435897,0.333333,0.74359,0.358974,0.641026,0.128205,0.717949,0.179487,58.6449427650421
0.923077,0.282051,0.794872,0,0.615385,0.615385,0.615385,0.820513,108.355409311119
0.769231,0,0.641026,0.974359,0.333333,0.282051,0.307692,0.589744,161.925913053288
0.205128,0.102564,0.923077,0.410256,0.794872,0.461539,0.769231,0.025641,28.288492316901
0.512821,0.692308,0.179487,0.897436,0.666667,0.666667,1,0.846154,71.0213872547217
0.384615,0.179487,0.589744,0.102564,0.948718,0.871795,0.461539,0.564103,38.9770012551582
0.589744,0.153846,0.435897,0.692308,0.410256,0.948718,0.487179,0.641026,77.6860833360762
0.153846,0.025641,0.717949,1,0.974359,0.769231,0.153846,0.230769,36.5921450442083
0.641026,0.051282,0.025641,0.641026,0.282051,0.051282,0,0.410256,140.543847753177
0.538462,0.461539,0.25641,0.025641,0.076923,0.923077,0.974359,0.512821,40.4443836667775
0.076923,0.384615,0.102564,0.205128,0.25641,0.179487,0.410256,0.205128,23.3461895965998
0.410256,0.487179,0,0.25641,1,0.025641,0.435897,0.487179,65.9756113936767
0.615385,0.205128,0.487179,0.794872,0.538462,0.307692,0.512821,0.923077,114.196772819197
0.461539,0.435897,0.666667,0.769231,0,0.230769,0.74359,0.25641,69.4070107169367
0.128205,0.641026,0.282051,0.589744,0.102564,0.435897,0.794872,0.948718,29.072999838611
0.974359,0.948718,0.846154,0.564103,0.153846,0.333333,0.051282,0.333333,196.408825033863
0.871795,0.923077,0.897436,0.512821,0.923077,0.076923,0.666667,0.384615,143.861257824298
0.25641,0.897436,0.205128,0.461539,0.820513,0.74359,0.205128,0.307692,39.1383182477751
0.74359,0.538462,0.948718,0.230769,0.846154,0.384615,0.538462,0.666667,104.278395929003
0.307692,0.846154,0.871795,0.538462,0.717949,0.692308,0.102564,0.794872,54.5782526443634
0.897436,0.128205,0.076923,0.487179,0.74359,0.589744,0.25641,0.435897,144.472920402104
0.717949,0.589744,0.230769,0.666667,0.897436,0.102564,0.358974,0.871795,147.353613112149
0.230769,0.615385,0.769231,0.923077,0.128205,0.205128,0.820513,0.076923,39.9222092952247
0.333333,0.358974,0.333333,0.74359,0.512821,0,0.871795,0.692308,58.3046172139941
0.846154,0.410256,0.461539,0.076923,0.692308,0.25641,0.564103,0,104.119034589187
0.564103,0.230769,1,0.128205,0.282051,1,0.282051,0.025641,50.8128669738443
0.487179,0.461539,0.794872,0.538462,0.948718,0.666667,0.128205,0.948718,83.7326272911392
0.641026,0.435897,0.564103,0.051282,0.820513,0.820513,0.769231,0.846154,60.7065532806262
1,0.564103,0.871795,0.153846,0.615385,0.487179,0.051282,0.641026,170.808432773788
0.538462,0.358974,0.25641,0.384615,0.128205,0.794872,0.615385,0.897436,65.3411226248789
0.410256,0.307692,0.717949,0.410256,0.333333,0.025641,0.74359,0.128205,57.4905142737676
0.974359,0.179487,0.076923,0.512821,0.435897,0.358974,0.102564,0.076923,177.22278215112
0.897436,0.051282,0.512821,0.615385,0.846154,0.948718,0.461539,0.333333,116.971964136222
0.820513,0.769231,0.666667,0.307692,0.717949,0,0.897436,0.384615,117.234023124945
0.717949,0.589744,0.974359,0.564103,0.307692,0.282051,0.153846,0.923077,146.928000830188
0.512821,0.205128,0.230769,0.820513,0.384615,0.102564,0.538462,0.589744,94.526188880322
0.794872,0.871795,0.820513,1,0.871795,0.564103,0.717949,0.282051,123.23573870005
0.358974,0.487179,0.769231,0.358974,0.179487,0.051282,0.358974,0.179487,58.497919834122
0.153846,0.025641,0.74359,0.974359,0.153846,0.179487,0.974359,0.230769,32.1353310520477
0.846154,0.384615,0.307692,0.692308,0.051282,0.692308,1,0.692308,110.522375538344
0.128205,0.641026,0.333333,0.74359,0.358974,0.435897,0.179487,0.717949,37.8369314168103
0.615385,0.615385,0.282051,0.794872,0,0.923077,0.820513,0.615385,75.4639808041694
0.282051,0.333333,0,0.641026,0.974359,0.769231,0.589744,0.307692,38.2162361681876
0.461539,0.794872,0.102564,0.923077,0.410256,0.205128,0.025641,0.769231,110.352645734209
0.666667,0.666667,0.692308,0.179487,0.897436,0.512821,0.846154,1,80.3175847111123
0.871795,0.948718,0.179487,0.589744,0.102564,0.384615,0.564103,0.461539,138.906557366681
0.948718,0.410256,0.153846,0.435897,0.692308,0.589744,0.641026,0.487179,131.007467627749
0.769231,0.974359,0.025641,0.717949,1,0.153846,0.230769,0.153846,146.621176756717
0.051282,0.282051,0.051282,0.025641,0.641026,0.641026,0.410256,0,15.046884371586
0.923077,0.076923,0.461539,0.25641,0.025641,0.538462,0.512821,0.974359,136.970132186783
0.179487,0.25641,0.384615,0.102564,0.205128,0.076923,0.205128,0.410256,36.8966108130716
0.025641,1,0.487179,0,0.25641,0.410256,0.487179,0.435897,16.1885722758353
0.307692,0.538462,0.205128,0.487179,0.794872,0.615385,0.923077,0.512821,37.6456578511913
0.230769,0,0.435897,0.666667,0.769231,0.461539,0.25641,0.74359,47.8876287272323
0.435897,0.102564,0.641026,0.282051,0.589744,0.128205,0.948718,0.794872,59.3934548558474
0.333333,0.153846,0.948718,0.846154,0.564103,0.974359,0.333333,0.051282,45.5522498443893
0.076923,0.923077,0.923077,0.897436,0.512821,0.871795,0.384615,0.666667,25.9115358769393
0.74359,0.820513,0.897436,0.205128,0.461539,0.25641,0.307692,0.205128,108.984153602511
0.384615,0.846154,0.538462,0.948718,0.230769,0.74359,0.666667,0.538462,56.8652341968112
0.692308,0.717949,0.846154,0.871795,0.538462,0.307692,0.794872,0.102564,102.234666073277
0.589744,0.74359,0.128205,0.076923,0.487179,0.897436,0.435897,0.25641,54.2142914357322
0.102564,0.897436,0.589744,0.230769,0.666667,0.717949,0.871795,0.358974,17.4465377782379
0.205128,0.128205,0.615385,0.769231,0.923077,0.230769,0.076923,0.820513,55.3513362619063
0,0.512821,0.358974,0.333333,0.74359,0.333333,0.692308,0.871795,17.7498448095434
0.25641,0.692308,0.410256,0.461539,0.076923,0.846154,0,0.564103,43.1644536311784
0.025641,0.230769,0.282051,0.564103,1,1,0.128205,0.282051,18.1067549951747
0.948718,0.461539,0.948718,0.487179,0.794872,0.666667,0.538462,0.128205,125.14318906347
0.846154,0.435897,0.820513,0.641026,0.564103,0.820513,0.051282,0.769231,151.747682544034
0.641026,0.564103,0.615385,1,0.871795,0.487179,0.153846,0.051282,118.096631245885
0.897436,0.358974,0.128205,0.538462,0.25641,0.794872,0.384615,0.615385,131.760274531497
0.128205,0.307692,0.333333,0.410256,0.717949,0.025641,0.410256,0.74359,35.3848014006198
0.076923,0.179487,0.435897,0.974359,0.076923,0.358974,0.512821,0.102564,27.1941780600788
0.333333,0.051282,0.846154,0.897436,0.512821,0.948718,0.615385,0.461539,45.805950598697
0.384615,0.769231,0.717949,0.820513,0.666667,0,0.307692,0.897436,86.9408027415913
0.923077,0.589744,0.307692,0.717949,0.974359,0.282051,0.564103,0.153846,153.40187425736
0.589744,0.205128,0.384615,0.512821,0.230769,0.102564,0.820513,0.538462,87.8587210537737
0.282051,0.871795,0.871795,0.794872,0.820513,0.564103,1,0.717949,41.413262767651
0.179487,0.487179,0.179487,0.358974,0.769231,0.051282,0.358974,0.358974,38.1100588785903
0.230769,0.025641,0.153846,0.153846,0.74359,0.179487,0.974359,0.974359,34.5834973352692
0.692308,0.384615,0.051282,0.846154,0.307692,0.692308,0.692308,1,109.120603458814
0.717949,0.641026,0.358974,0.128205,0.333333,0.435897,0.74359,0.179487,78.0698700380231
0.615385,0.615385,0,0.615385,0.282051,0.923077,0.794872,0.820513,73.0933866309257
0.307692,0.333333,0.974359,0.282051,0,0.769231,0.641026,0.589744,35.5939666234275
0.769231,0.794872,0.410256,0.461539,0.102564,0.205128,0.923077,0.025641,97.4143409916459
1,0.666667,0.897436,0.666667,0.692308,0.512821,0.179487,0.846154,206.406341674064
0.461539,0.948718,0.102564,0.871795,0.179487,0.384615,0.589744,0.564103,76.9084191186874
0.487179,0.410256,0.692308,0.948718,0.153846,0.589744,0.435897,0.641026,83.5869782760177
0.153846,0.974359,1,0.769231,0.025641,0.153846,0.717949,0.230769,33.1620134173199
0,0.282051,0.641026,0.051282,0.051282,0.641026,0.025641,0.410256,16.2857490830258
0.974359,0.076923,0.025641,0.923077,0.461539,0.538462,0.25641,0.512821,197.268607995263
0.410256,0.25641,0.205128,0.179487,0.384615,0.076923,0.102564,0.205128,68.5124625589869
0.435897,1,0.25641,0.025641,0.487179,0.410256,0,0.487179,65.0213581795721
0.512821,0.538462,0.794872,0.307692,0.205128,0.615385,0.487179,0.923077,69.0340681340476
0.74359,0,0.769231,0.230769,0.435897,0.461539,0.666667,0.25641,88.5248629593911
0.794872,0.102564,0.589744,0.435897,0.641026,0.128205,0.282051,0.948718,159.430009247337
0.051282,0.153846,0.564103,0.333333,0.948718,0.974359,0.846154,0.333333,13.4964393135008
0.666667,0.923077,0.512821,0.076923,0.923077,0.871795,0.897436,0.384615,54.5824055632313
0.205128,0.820513,0.461539,0.74359,0.897436,0.25641,0.205128,0.307692,46.2907836163763
0.538462,0.846154,0.230769,0.384615,0.538462,0.74359,0.948718,0.666667,57.0250669912581
0.102564,0.717949,0.538462,0.692308,0.846154,0.307692,0.871795,0.794872,27.6026883812366
0.25641,0.74359,0.487179,0.589744,0.128205,0.897436,0.076923,0.435897,42.0684867928015
0.358974,0.897436,0.666667,0.102564,0.589744,0.717949,0.230769,0.871795,46.9558906593642
0.820513,0.128205,0.923077,0.205128,0.615385,0.230769,0.769231,0.076923,100.951635251526
0.871795,0.512821,0.74359,0,0.358974,0.333333,0.333333,0.692308,127.079786834859
0.564103,0.692308,0.076923,0.25641,0.410256,0.846154,0.461539,0,55.4183946222895
0.282051,1,1,0.230769,0.564103,0.025641,0.282051,0.128205,47.7781826244858
0.948718,0.666667,0.794872,0.461539,0.487179,0.948718,0.128205,0.538462,139.461221409436
0.820513,0.820513,0.564103,0.435897,0.641026,0.846154,0.769231,0.051282,84.1593181927363
0.615385,0.487179,0.871795,0.564103,1,0.641026,0.051282,0.153846,96.7956214322204
0.128205,0.794872,0.25641,0.358974,0.538462,0.897436,0.615385,0.384615,20.3664134979516
0.333333,0.025641,0.717949,0.307692,0.410256,0.128205,0.74359,0.410256,47.438540308512
0.435897,0.358974,0.076923,0.179487,0.974359,0.076923,0.102564,0.512821,77.2258907570375
0.846154,0.948718,0.512821,0.051282,0.897436,0.333333,0.461539,0.615385,117.512787703088
0.717949,0,0.666667,0.769231,0.820513,0.384615,0.897436,0.307692,101.346490207663
0.307692,0.282051,0.974359,0.589744,0.717949,0.923077,0.153846,0.564103,46.9429991200872
0.384615,0.102564,0.230769,0.205128,0.512821,0.589744,0.538462,0.820513,48.9461691418515
0.871795,0.564103,0.820513,0.871795,0.794872,0.282051,0.717949,1,167.334298127377
0.179487,0.051282,0.769231,0.487179,0.358974,0.179487,0.358974,0.358974,38.1061699600337
0.153846,0.179487,0.74359,0.025641,0.153846,0.230769,0.974359,0.974359,25.589558354242
0.051282,0.692308,0.307692,0.384615,0.846154,0.692308,1,0.692308,16.3339748057531
0.358974,0.435897,0.333333,0.641026,0.128205,0.717949,0.179487,0.74359,60.8570650331673
0,0.923077,0.282051,0.615385,0.615385,0.615385,0.820513,0.794872,16.6993167201908
0.974359,0.769231,0,0.333333,0.282051,0.307692,0.589744,0.641026,153.306662007487
0.410256,0.205128,0.102564,0.794872,0.461539,0.769231,0.025641,0.923077,79.4138988691934
0.897436,0.512821,0.692308,0.666667,0.666667,1,0.846154,0.179487,97.8586959041966
0.102564,0.384615,0.179487,0.948718,0.871795,0.461539,0.564103,0.589744,30.8046807010732
0.692308,0.589744,0.153846,0.410256,0.948718,0.487179,0.641026,0.435897,91.1287475764552
1,0.153846,0.025641,0.974359,0.769231,0.153846,0.230769,0.717949,248.499024398476
0.641026,0.641026,0.051282,0.282051,0.051282,0,0.410256,0.025641,96.3848915193441
0.025641,0.538462,0.461539,0.076923,0.923077,0.974359,0.512821,0.25641,11.6999785165474
0.205128,0.076923,0.384615,0.25641,0.179487,0.410256,0.205128,0.102564,34.5154261764122
0.25641,0.410256,0.487179,1,0.025641,0.435897,0.487179,0,45.3138635953758
0.794872,0.615385,0.205128,0.538462,0.307692,0.512821,0.923077,0.487179,102.11266613326
0.769231,0.461539,0.435897,0,0.230769,0.74359,0.25641,0.666667,89.9420953097765
0.589744,0.128205,0.641026,0.102564,0.435897,0.794872,0.948718,0.282051,48.7259911732513
0.564103,0.974359,0.948718,0.153846,0.333333,0.051282,0.333333,0.846154,95.5745435396918
0.512821,0.871795,0.923077,0.923077,0.076923,0.666667,0.384615,0.897436,90.7067268828062
0.461539,0.25641,0.897436,0.820513,0.74359,0.205128,0.307692,0.205128,83.9089687698143
0.230769,0.74359,0.538462,0.846154,0.384615,0.538462,0.666667,0.948718,43.6796583567726
0.538462,0.307692,0.846154,0.717949,0.692308,0.102564,0.794872,0.871795,92.206900574173
0.487179,0.897436,0.128205,0.74359,0.589744,0.25641,0.435897,0.076923,78.0048518182133
0.666667,0.717949,0.589744,0.897436,0.102564,0.358974,0.871795,0.230769,96.9026816380613
0.923077,0.230769,0.615385,0.128205,0.205128,0.820513,0.076923,0.769231,128.638612092339
0.74359,0.333333,0.358974,0.512821,0,0.871795,0.692308,0.333333,83.3777946469848
0.076923,0.846154,0.410256,0.692308,0.25641,0.564103,0,0.461539,30.8916133929835
0.025641,0.564103,0.282051,0.282051,0.230769,1,1,0.128205,10.6596721113064
0.948718,0.487179,0.948718,0.128205,0.461539,0.666667,0.794872,0.538462,103.713298697554
0.846154,0.641026,0.820513,0.769231,0.435897,0.820513,0.564103,0.051282,111.164452269866
0.641026,1,0.615385,0.051282,0.564103,0.487179,0.871795,0.153846,61.2592058584826
0.897436,0.538462,0.128205,0.615385,0.358974,0.794872,0.25641,0.384615,137.742535617034
0.128205,0.410256,0.333333,0.74359,0.307692,0.025641,0.717949,0.410256,32.8752160267002
0.076923,0.974359,0.435897,0.102564,0.179487,0.358974,0.076923,0.512821,25.5098837716936
0.333333,0.897436,0.846154,0.461539,0.051282,0.948718,0.512821,0.615385,39.9927335177418
0.384615,0.820513,0.717949,0.897436,0.769231,0,0.666667,0.307692,68.6949135856363
0.923077,0.717949,0.307692,0.153846,0.589744,0.282051,0.974359,0.564103,115.304665057261
0.589744,0.512821,0.384615,0.538462,0.205128,0.102564,0.230769,0.820513,118.021766370913
0.282051,0.794872,0.871795,0.717949,0.871795,0.564103,0.820513,1,45.0706459163705
0.179487,0.358974,0.179487,0.358974,0.487179,0.051282,0.769231,0.358974,32.4662701845666
0.230769,0.153846,0.153846,0.974359,0.025641,0.179487,0.74359,0.974359,50.263329324829
0.692308,0.846154,0.051282,1,0.384615,0.692308,0.307692,0.692308,127.252298230186
0.717949,0.128205,0.358974,0.179487,0.641026,0.435897,0.333333,0.74359,105.398479681254
0.615385,0.615385,0,0.820513,0.615385,0.923077,0.282051,0.794872,97.7565390573779
0.307692,0.282051,0.974359,0.589744,0.333333,0.769231,0,0.641026,55.0393376944374
0.769231,0.461539,0.410256,0.025641,0.794872,0.205128,0.102564,0.923077,135.773513697202
1,0.666667,0.897436,0.846154,0.666667,0.512821,0.692308,0.179487,157.048984206341
0.461539,0.871795,0.102564,0.564103,0.948718,0.384615,0.179487,0.589744,82.240710493007
0.487179,0.948718,0.692308,0.641026,0.410256,0.589744,0.153846,0.435897,80.7138619743021
0.153846,0.769231,1,0.230769,0.974359,0.153846,0.025641,0.717949,40.3847152282395
0,0.051282,0.641026,0.410256,0.282051,0.641026,0.051282,0.025641,17.7483622671669
0.974359,0.923077,0.025641,0.512821,0.076923,0.538462,0.461539,0.25641,145.805954441392
0.410256,0.179487,0.205128,0.205128,0.25641,0.076923,0.384615,0.102564,59.7208352808259
0.435897,0.025641,0.25641,0.487179,1,0.410256,0.487179,0,58.1112173440709
0.512821,0.307692,0.794872,0.923077,0.538462,0.615385,0.205128,0.487179,92.6351584970647
0.74359,0.230769,0.769231,0.25641,0,0.461539,0.435897,0.666667,105.721019882487
0.794872,0.435897,0.589744,0.948718,0.102564,0.128205,0.641026,0.282051,143.397319046532
0.051282,0.333333,0.564103,0.333333,0.153846,0.974359,0.948718,0.846154,14.3969057722163
0.666667,0.076923,0.512821,0.384615,0.923077,0.871795,0.923077,0.897436,71.1678647198468
0.205128,0.74359,0.461539,0.307692,0.820513,0.25641,0.897436,0.205128,29.3202985467863
0.538462,0.384615,0.230769,0.666667,0.846154,0.74359,0.538462,0.948718,79.4422996683827
0.102564,0.692308,0.538462,0.794872,0.717949,0.307692,0.846154,0.871795,29.2863050081181
0.25641,0.589744,0.487179,0.435897,0.74359,0.897436,0.128205,0.076923,35.3609670038204
0.358974,0.102564,0.666667,0.871795,0.897436,0.717949,0.589744,0.230769,50.9450486542385
0.820513,0.205128,0.923077,0.076923,0.128205,0.230769,0.615385,0.769231,115.917050876199
0.871795,0,0.74359,0.692308,0.512821,0.333333,0.358974,0.333333,156.915212861905
0.564103,0.25641,0.076923,0,0.692308,0.846154,0.410256,0.461539,53.6819972965068
0.230769,0.128205,0.282051,1,0.282051,1,0.564103,0.025641,33.4919294397292
0.461539,0.538462,0.128205,0.666667,0.948718,0.794872,0.487179,0.948718,68.0375188606269
0.435897,0.051282,0.769231,0.820513,0.820513,0.564103,0.641026,0.846154,69.6425619449515
0.564103,0.153846,0.051282,0.487179,0.615385,0.871795,1,0.641026,57.874840830938
0.358974,0.384615,0.615385,0.794872,0.128205,0.25641,0.538462,0.897436,67.9823186535047
0.307692,0.410256,0.74359,0.025641,0.333333,0.717949,0.410256,0.128205,31.7261521222097
0.179487,0.512821,0.102564,0.358974,0.435897,0.076923,0.974359,0.076923,28.2089982703097
0.051282,0.615385,0.461539,0.948718,0.846154,0.512821,0.897436,0.333333,21.2948461884067
0.769231,0.307692,0.897436,0,0.717949,0.666667,0.820513,0.384615,71.52704396862
0.589744,0.564103,0.153846,0.282051,0.307692,0.974359,0.717949,0.923077,59.802076141586
0.205128,0.820513,0.538462,0.102564,0.384615,0.230769,0.512821,0.589744,33.8720574387718
0.871795,1,0.717949,0.564103,0.871795,0.820513,0.794872,0.282051,101.794792250602
0.487179,0.358974,0.358974,0.051282,0.179487,0.769231,0.358974,0.179487,48.1107373297821
0.025641,0.974359,0.974359,0.179487,0.153846,0.74359,0.153846,0.230769,16.5372189098323
0.384615,0.692308,1,0.692308,0.051282,0.307692,0.846154,0.692308,58.6391459537284
0.641026,0.74359,0.179487,0.435897,0.358974,0.333333,0.128205,0.717949,117.423748348208
0.615385,0.794872,0.820513,0.923077,0,0.282051,0.615385,0.615385,108.643685773392
0.333333,0.641026,0.589744,0.769231,0.974359,0,0.282051,0.307692,68.4974271007391
0.794872,0.923077,0.025641,0.205128,0.410256,0.102564,0.461539,0.769231,131.908476647077
0.666667,0.179487,0.846154,0.512821,0.897436,0.692308,0.666667,1,92.0772886841859
0.948718,0.589744,0.564103,0.384615,0.102564,0.179487,0.871795,0.461539,138.40560005822
0.410256,0.435897,0.641026,0.589744,0.692308,0.153846,0.948718,0.487179,58.7346155905785
0.974359,0.717949,0.230769,0.153846,1,0.025641,0.769231,0.153846,136.020019708648
0.282051,0.025641,0.410256,0.641026,0.641026,0.051282,0.051282,0,59.3122779895123
0.076923,0.25641,0.512821,0.538462,0.025641,0.461539,0.923077,0.974359,22.8628216673995
0.25641,0.102564,0.205128,0.076923,0.205128,0.384615,0.179487,0.410256,39.9277840663633
1,0,0.487179,0.410256,0.25641,0.487179,0.025641,0.435897,187.416241077642
0.538462,0.487179,0.923077,0.615385,0.794872,0.205128,0.307692,0.512821,97.1071376350084
0,0.666667,0.25641,0.461539,0.769231,0.435897,0.230769,0.74359,21.1279179383886
0.102564,0.282051,0.948718,0.128205,0.589744,0.641026,0.435897,0.794872,22.1076681947066
0.153846,0.846154,0.333333,0.974359,0.564103,0.948718,0.333333,0.051282,29.955465369558
0.923077,0.897436,0.384615,0.871795,0.512821,0.923077,0.076923,0.666667,173.287443212596
0.820513,0.205128,0.307692,0.25641,0.461539,0.897436,0.74359,0.205128,77.6996109625933
0.846154,0.948718,0.666667,0.74359,0.230769,0.538462,0.384615,0.538462,146.140627291923
0.717949,0.871795,0.794872,0.307692,0.538462,0.846154,0.692308,0.102564,69.7371469077022
0.74359,0.076923,0.435897,0.897436,0.487179,0.128205,0.589744,0.25641,132.552968276988
0.897436,0.230769,0.871795,0.717949,0.666667,0.589744,0.102564,0.358974,167.61666588377
0.128205,0.769231,0.076923,0.230769,0.923077,0.615385,0.205128,0.820513,28.4630239835384
0.512821,0.333333,0.692308,0.333333,0.74359,0.358974,0,0.871795,96.5134335697069
0.692308,0.461539,0,0.846154,0.076923,0.410256,0.25641,0.564103,132.676886637959
0.282051,1,0.564103,0.282051,0.128205,0.230769,0.025641,1,60.0485255992735
0.948718,0.794872,0.487179,0.128205,0.538462,0.461539,0.948718,0.666667,111.850326908001
0.820513,0.564103,0.641026,0.769231,0.051282,0.435897,0.846154,0.820513,130.606604778895
0.615385,0.871795,1,0.051282,0.153846,0.564103,0.641026,0.487179,65.3969626218963
0.128205,0.25641,0.538462,0.615385,0.384615,0.358974,0.897436,0.794872,28.3625679106147
0.333333,0.717949,0.410256,0.74359,0.410256,0.307692,0.128205,0.025641,61.8315628733662
0.435897,0.076923,0.974359,0.102564,0.512821,0.179487,0.076923,0.358974,70.3534695203468
0.846154,0.512821,0.897436,0.461539,0.615385,0.051282,0.333333,0.948718,174.526103347356
0.717949,0.666667,0.820513,0.897436,0.307692,0.769231,0.384615,0,104.128387182015
0.307692,0.974359,0.717949,0.153846,0.564103,0.589744,0.923077,0.282051,31.073437496359
0.384615,0.230769,0.512821,0.538462,0.820513,0.205128,0.589744,0.102564,56.2166755388456
0.871795,0.820513,0.794872,0.717949,1,0.871795,0.282051,0.564103,138.086460434834
0.179487,0.769231,0.358974,0.358974,0.358974,0.487179,0.179487,0.051282,32.4303818492789
0.153846,0.74359,0.153846,0.974359,0.974359,0.025641,0.230769,0.179487,44.4053901751262
0.051282,0.307692,0.846154,1,0.692308,0.384615,0.692308,0.692308,26.162601920155
0.358974,0.333333,0.128205,0.179487,0.74359,0.641026,0.717949,0.435897,38.5029782658395
0,0.282051,0.615385,0.820513,0.794872,0.615385,0.615385,0.923077,20.0129059294354
0.974359,0,0.282051,0.589744,0.641026,0.333333,0.307692,0.769231,194.3335401779
0.410256,0.102564,0.461539,0.025641,0.923077,0.794872,0.769231,0.205128,34.1008243312208
0.897436,0.692308,0.666667,0.846154,0.179487,0.666667,1,0.512821,123.544520466283
0.102564,0.179487,0.871795,0.564103,0.589744,0.948718,0.461539,0.384615,21.5465879153433
0.692308,0.153846,0.948718,0.641026,0.435897,0.410256,0.487179,0.589744,112.722125729916
1,0.025641,0.769231,0.230769,0.717949,0.974359,0.153846,0.153846,118.896089249034
0.641026,0.051282,0.051282,0.410256,0.025641,0.282051,0,0.641026,124.29342608096
0.025641,0.461539,0.923077,0.512821,0.25641,0.076923,0.974359,0.538462,19.6531483855173
0.205128,0.384615,0.179487,0.205128,0.102564,0.25641,0.410256,0.076923,32.8149381971669
0.25641,0.487179,0.025641,0.487179,0,1,0.435897,0.410256,32.2264416615858
0.794872,0.205128,0.307692,0.923077,0.487179,0.538462,0.512821,0.615385,139.779804180093
0.769231,0.435897,0.230769,0.25641,0.666667,0,0.74359,0.461539,114.012273677908
0.589744,0.641026,0.435897,0.948718,0.282051,0.102564,0.794872,0.128205,94.0135675184274
0.564103,0.948718,0.333333,0.333333,0.846154,0.153846,0.051282,0.974359,114.8431237857
0.512821,0.923077,0.076923,0.384615,0.897436,0.923077,0.666667,0.871795,56.9481840203378
0.461539,0.897436,0.74359,0.307692,0.205128,0.820513,0.205128,0.25641,55.5926008081341
0.230769,0.538462,0.384615,0.666667,0.948718,0.846154,0.538462,0.74359,36.2949538957568
0.538462,0.846154,0.692308,0.794872,0.871795,0.717949,0.102564,0.307692,90.1381067642019
0.487179,0.128205,0.589744,0.435897,0.076923,0.74359,0.25641,0.897436,71.9382455209837
0.666667,0.589744,0.102564,0.871795,0.230769,0.897436,0.358974,0.717949,105.107531140099
0.923077,0.615385,0.205128,0.076923,0.769231,0.128205,0.820513,0.230769,117.528662550582
0.74359,0.358974,0,0.692308,0.333333,0.512821,0.871795,0.333333,98.8825934693003
0.076923,0.410256,0.25641,0,0.461539,0.692308,0.564103,0.846154,17.6074109485979
0.282051,0.025641,0.230769,1,1,0.564103,0.128205,0.282051,57.6646066673978
0.948718,0.948718,0.461539,0.794872,0.666667,0.487179,0.538462,0.128205,152.223460833441
0.820513,0.846154,0.435897,0.564103,0.820513,0.641026,0.051282,0.769231,152.915961538023
0.615385,0.641026,0.564103,0.871795,0.487179,1,0.153846,0.051282,88.0542883668289
0.128205,0.897436,0.358974,0.25641,0.794872,0.538462,0.384615,0.615385,26.5856778661774
0.333333,0.128205,0.307692,0.717949,0.025641,0.410256,0.410256,0.74359,60.369319618523
0.435897,0.076923,0.179487,0.076923,0.358974,0.974359,0.512821,0.102564,35.7881971303251
0.846154,0.333333,0.051282,0.512821,0.948718,0.897436,0.615385,0.461539,102.276222530867
0.717949,0.384615,0.769231,0.666667,0,0.820513,0.307692,0.897436,114.273902169067
0.307692,0.923077,0.589744,0.974359,0.282051,0.717949,0.564103,0.153846,46.4793756563817
0.384615,0.589744,0.205128,0.230769,0.102564,0.512821,0.820513,0.538462,43.7708981082087
0.871795,0.282051,0.871795,0.820513,0.564103,0.794872,1,0.717949,116.923675676138
0.179487,0.179487,0.487179,0.769231,0.051282,0.358974,0.358974,0.358974,39.5037507625195
0.153846,0.230769,0.025641,0.74359,0.179487,0.153846,0.974359,0.974359,34.7867556584947
0.051282,0.692308,0.384615,0.307692,0.692308,0.846154,0.692308,1,17.1636468122457
0.358974,0.717949,0.641026,0.333333,0.435897,0.128205,0.74359,0.179487,48.464193029343
0,0.615385,0.615385,0.282051,0.923077,0.615385,0.794872,0.820513,14.6014428995619
0.974359,0.307692,0.333333,0,0.769231,0.282051,0.641026,0.589744,130.643377960501
0.410256,0.769231,0.794872,0.102564,0.205128,0.461539,0.923077,0.025641,38.7461848872693
0.897436,1,0.666667,0.692308,0.512821,0.666667,0.179487,0.846154,170.218257505412
0.102564,0.461539,0.948718,0.179487,0.384615,0.871795,0.589744,0.564103,18.0110130373892
0.692308,0.487179,0.410256,0.153846,0.589744,0.948718,0.435897,0.641026,71.1959647276022
1,0.153846,0.974359,0.025641,0.153846,0.769231,0.717949,0.230769,95.484787197733
0.641026,0,0.282051,0.051282,0.641026,0.051282,0.025641,0.410256,111.960924261608
0.025641,0.974359,0.076923,0.461539,0.538462,0.923077,0.25641,0.512821,17.6613070173797
0.205128,0.410256,0.25641,0.384615,0.076923,0.179487,0.102564,0.205128,42.8327487238092
0.25641,0.435897,1,0.487179,0.410256,0.025641,0,0.487179,60.2912574662941
0.794872,0.512821,0.538462,0.205128,0.615385,0.307692,0.487179,0.923077,123.599589507733
0.769231,0.74359,0,0.435897,0.461539,0.230769,0.666667,0.25641,110.173502419463
0.589744,0.794872,0.102564,0.641026,0.128205,0.435897,0.282051,0.948718,108.494802267505
0.564103,0.051282,0.153846,0.948718,0.974359,0.333333,0.846154,0.333333,85.671667227662
0.512821,0.666667,0.923077,0.923077,0.871795,0.076923,0.897436,0.384615,82.862040256924
0.461539,0.205128,0.820513,0.897436,0.25641,0.74359,0.205128,0.307692,75.9386097138935
0.230769,0.538462,0.846154,0.538462,0.74359,0.384615,0.948718,0.666667,35.3793970348785
0.538462,0.102564,0.717949,0.846154,0.307692,0.692308,0.871795,0.794872,74.9534967875349
0.487179,0.25641,0.74359,0.128205,0.897436,0.589744,0.076923,0.435897,66.4365911186264
0.666667,0.358974,0.897436,0.589744,0.717949,0.102564,0.230769,0.871795,139.264077958177
0.923077,0.820513,0.128205,0.615385,0.230769,0.205128,0.769231,0.076923,137.990125007483
0.74359,0.871795,0.512821,0.358974,0.333333,0,0.333333,0.692308,139.343671090622
0.076923,0.564103,0.692308,0.410256,0.846154,0.25641,0.461539,0,23.0261111416354
1,0.282051,0.282051,0.025641,0.230769,0.128205,1,0.564103,128.129712980146
0.794872,0.948718,0.128205,0.948718,0.461539,0.538462,0.666667,0.487179,129.525519479117
0.564103,0.820513,0.769231,0.846154,0.435897,0.051282,0.820513,0.641026,97.1356129010712
0.871795,0.615385,0.051282,0.641026,0.564103,0.153846,0.487179,1,176.24971329036
0.25641,0.128205,0.615385,0.897436,0.358974,0.384615,0.794872,0.538462,44.4240230072161
0.717949,0.333333,0.74359,0.128205,0.307692,0.410256,0.025641,0.410256,111.98910780747
0.076923,0.435897,0.102564,0.076923,0.179487,0.512821,0.358974,0.974359,22.4960639530289
0.512821,0.846154,0.461539,0.333333,0.051282,0.615385,0.948718,0.897436,58.667751399281
0.666667,0.717949,0.897436,0.384615,0.769231,0.307692,0,0.820513,131.976968794277
0.974359,0.307692,0.153846,0.923077,0.589744,0.564103,0.282051,0.717949,200.993016003686
0.230769,0.384615,0.538462,0.589744,0.205128,0.820513,0.102564,0.512821,40.8589713417465
0.820513,0.871795,0.717949,0.282051,0.871795,1,0.564103,0.794872,89.4471806028094
0.769231,0.179487,0.358974,0.179487,0.487179,0.358974,0.051282,0.358974,124.689073909342
0.74359,0.153846,0.974359,0.230769,0.025641,0.974359,0.179487,0.153846,80.5627446118951
0.307692,0.051282,1,0.692308,0.384615,0.692308,0.692308,0.846154,46.0089314451443
0.333333,0.358974,0.179487,0.717949,0.641026,0.74359,0.435897,0.128205,46.3600520043662
0.282051,0,0.820513,0.615385,0.615385,0.794872,0.923077,0.615385,35.246538766062
0,0.974359,0.589744,0.307692,0.333333,0.641026,0.769231,0.282051,13.2408109605662
0.102564,0.410256,0.025641,0.769231,0.794872,0.923077,0.205128,0.461539,27.2010173738536
0.692308,0.897436,0.846154,1,0.666667,0.179487,0.512821,0.666667,138.467945013528
0.179487,0.102564,0.564103,0.461539,0.948718,0.589744,0.384615,0.871795,35.0200791087625
0.153846,0.692308,0.641026,0.487179,0.410256,0.435897,0.589744,0.948718,32.6381220772463
0.025641,1,0.230769,0.153846,0.974359,0.717949,0.153846,0.769231,18.4323909247258
0.051282,0.641026,0.410256,0,0.282051,0.025641,0.641026,0.051282,18.4299180062328
0.461539,0.025641,0.512821,0.974359,0.076923,0.25641,0.538462,0.923077,90.7810253451698
0.384615,0.205128,0.205128,0.410256,0.25641,0.102564,0.076923,0.179487,70.4470249473025
0.487179,0.25641,0.487179,0.435897,1,0,0.410256,0.025641,76.6750542221039
0.205128,0.794872,0.923077,0.512821,0.538462,0.487179,0.615385,0.307692,32.8248641147274
0.435897,0.769231,0.25641,0.74359,0,0.666667,0.461539,0.230769,61.4712712415126
0.641026,0.589744,0.948718,0.794872,0.102564,0.282051,0.128205,0.435897,129.027043573184
0.948718,0.564103,0.333333,0.051282,0.153846,0.846154,0.974359,0.333333,80.6261103399515
0.923077,0.512821,0.384615,0.666667,0.923077,0.897436,0.871795,0.076923,103.308555002004
0.897436,0.461539,0.307692,0.205128,0.820513,0.205128,0.25641,0.74359,160.083362586403
0.538462,0.230769,0.666667,0.538462,0.846154,0.948718,0.74359,0.384615,56.5644775709758
0.846154,0.538462,0.794872,0.102564,0.717949,0.871795,0.307692,0.692308,98.0848747147376
0.128205,0.487179,0.435897,0.25641,0.74359,0.076923,0.897436,0.589744,26.488816820388
0.589744,0.666667,0.871795,0.358974,0.897436,0.230769,0.717949,0.102564,75.1124796690832
0.615385,0.923077,0.076923,0.820513,0.128205,0.769231,0.230769,0.205128,94.576003737365
0.358974,0.74359,0.692308,0.871795,0.512821,0.333333,0.333333,0,61.7480336803147
0.410256,0.076923,0,0.564103,0.692308,0.461539,0.846154,0.25641,51.2795520877406
0.025641,1,0.564103,0.282051,0.230769,0.282051,1,0.128205,15.1639403149445
0.948718,0.666667,0.487179,0.948718,0.461539,0.128205,0.794872,0.538462,178.707886076891
0.846154,0.820513,0.641026,0.820513,0.435897,0.769231,0.564103,0.051282,115.963833086429
0.641026,0.487179,1,0.615385,0.564103,0.051282,0.871795,0.153846,92.2154715172667
0.897436,0.794872,0.538462,0.128205,0.358974,0.615385,0.25641,0.384615,118.752454029617
0.128205,0.025641,0.410256,0.333333,0.307692,0.74359,0.717949,0.410256,21.0528000563157
0.076923,0.358974,0.974359,0.435897,0.179487,0.102564,0.076923,0.512821,32.4809955980473
0.333333,0.948718,0.897436,0.846154,0.051282,0.461539,0.512821,0.615385,58.061176601761
0.384615,0,0.820513,0.717949,0.769231,0.897436,0.666667,0.307692,46.4464969799011
0.923077,0.282051,0.717949,0.307692,0.589744,0.153846,0.974359,0.564103,129.601656881479
0.589744,0.102564,0.512821,0.384615,0.205128,0.538462,0.230769,0.820513,93.7327209960007
0.282051,0.564103,0.794872,0.871795,0.871795,0.717949,0.820513,1,45.0739258925922
0.179487,0.051282,0.358974,0.179487,0.487179,0.358974,0.769231,0.358974,26.6696346999014
0.230769,0.179487,0.153846,0.153846,0.025641,0.974359,0.74359,0.974359,24.9799448541371
0.692308,0.692308,0.846154,0.051282,0.384615,1,0.307692,0.692308,68.577055961799
0.717949,0.435897,0.128205,0.358974,0.641026,0.179487,0.333333,0.74359,126.563081898666
0.615385,0.923077,0.615385,0,0.615385,0.820513,0.282051,0.794872,67.4119010074296
0.307692,0.769231,0.282051,0.974359,0.333333,0.589744,0,0.641026,68.8894867572785
0.769231,0.205128,0.461539,0.410256,0.794872,0.025641,0.102564,0.923077,170.113719207472
1,0.512821,0.666667,0.897436,0.666667,0.846154,0.692308,0.179487,140.969672617819
0.461539,0.384615,0.871795,0.102564,0.948718,0.564103,0.179487,0.589744,61.9532639564653
0.487179,0.589744,0.948718,0.692308,0.410256,0.641026,0.153846,0.435897,80.7335112171591
0.153846,0.153846,0.769231,1,0.974359,0.230769,0.025641,0.717949,51.6123952158417
0,0.641026,0.051282,0.641026,0.282051,0.410256,0.051282,0.025641,21.4884230996876
0.974359,0.538462,0.923077,0.025641,0.076923,0.512821,0.461539,0.25641,117.738102010333
0.410256,0.076923,0.179487,0.205128,0.25641,0.205128,0.384615,0.102564,56.7314252939817
0.435897,0.410256,0.025641,0.25641,1,0.487179,0.487179,0,50.9039343181093
0.512821,0.615385,0.307692,0.794872,0.538462,0.923077,0.205128,0.487179,77.7869610686192
0.74359,0.461539,0.230769,0.769231,0,0.25641,0.435897,0.666667,139.944808848201
0.794872,0.128205,0.435897,0.589744,0.102564,0.948718,0.641026,0.282051,91.2444849348182
0.051282,0.974359,0.333333,0.564103,0.153846,0.333333,0.948718,0.846154,21.4619631861336
0.666667,0.871795,0.076923,0.512821,0.923077,0.384615,0.923077,0.897436,93.7671011040138
0.205128,0.25641,0.74359,0.461539,0.820513,0.307692,0.897436,0.205128,30.5436188573271
0.538462,0.74359,0.384615,0.230769,0.846154,0.666667,0.538462,0.948718,67.2354589842014
0.102564,0.307692,0.692308,0.538462,0.717949,0.794872,0.846154,0.871795,21.7892745602465
0.25641,0.897436,0.589744,0.487179,0.74359,0.435897,0.128205,0.076923,44.6316142979301
0.358974,0.717949,0.102564,0.666667,0.897436,0.871795,0.589744,0.230769,43.8103529752638
0.820513,0.230769,0.205128,0.923077,0.128205,0.076923,0.615385,0.769231,167.12427934389
0.871795,0.333333,0,0.74359,0.512821,0.692308,0.358974,0.333333,138.928063231463
0.564103,0.846154,0.25641,0.076923,0.692308,0,0.410256,0.461539,85.1878672365386
0.564103,0.282051,1,0.230769,0.282051,0.128205,1,0.025641,63.1235728634147
0.487179,0.128205,0.666667,0.461539,0.948718,0.538462,0.794872,0.948718,65.2981268324642
0.641026,0.769231,0.820513,0.435897,0.820513,0.051282,0.564103,0.846154,111.401754357371
1,0.051282,0.487179,0.564103,0.615385,0.153846,0.871795,0.641026,166.529889441488
0.538462,0.615385,0.794872,0.358974,0.128205,0.384615,0.25641,0.897436,90.1130233278144
0.410256,0.74359,0.025641,0.307692,0.333333,0.410256,0.717949,0.128205,47.9239377366837
0.974359,0.102564,0.358974,0.179487,0.435897,0.512821,0.076923,0.076923,145.473218294313
0.897436,0.461539,0.948718,0.051282,0.846154,0.615385,0.512821,0.333333,101.757571711107
0.820513,0.897436,0,0.769231,0.717949,0.307692,0.666667,0.384615,134.476421746435
0.717949,0.153846,0.282051,0.589744,0.307692,0.564103,0.974359,0.923077,96.6729975947315
0.512821,0.538462,0.102564,0.205128,0.384615,0.820513,0.230769,0.589744,61.7314756865559
0.794872,0.717949,0.564103,0.871795,0.871795,1,0.820513,0.282051,95.3028518832451
0.358974,0.358974,0.051282,0.487179,0.179487,0.358974,0.769231,0.179487,46.5872140802186
0.153846,0.974359,0.179487,0.025641,0.153846,0.974359,0.74359,0.230769,15.910133978157
0.846154,1,0.692308,0.384615,0.051282,0.692308,0.307692,0.692308,124.833339558204
0.128205,0.179487,0.435897,0.641026,0.358974,0.74359,0.333333,0.717949,30.0338885665393
0.615385,0.820513,0.923077,0.615385,0,0.794872,0.282051,0.615385,90.9713377479032
0.282051,0.589744,0.769231,0.333333,0.974359,0.641026,0,0.307692,45.5656307525423
0.461539,0.025641,0.205128,0.794872,0.410256,0.923077,0.102564,0.769231,77.775896345314
0.666667,0.846154,0.512821,0.666667,0.897436,0.179487,0.692308,1,118.294404455857
0.871795,0.564103,0.384615,0.948718,0.102564,0.589744,0.179487,0.461539,172.718299261772
0.948718,0.641026,0.589744,0.410256,0.692308,0.435897,0.153846,0.487179,169.320790411773
0.769231,0.230769,0.153846,0.974359,1,0.717949,0.025641,0.153846,144.823853622803
0.051282,0.410256,0.641026,0.282051,0.641026,0.025641,0.051282,0,26.2291683192399
0.923077,0.512821,0.538462,0.076923,0.025641,0.25641,0.461539,0.974359,146.131290968961
0.179487,0.205128,0.076923,0.25641,0.205128,0.102564,0.384615,0.410256,35.9213752005244
0.025641,0.487179,0.410256,1,0.25641,0,0.487179,0.435897,27.5698754751731
0.307692,0.923077,0.615385,0.538462,0.794872,0.487179,0.205128,0.512821,53.7621885383883
0.230769,0.25641,0.461539,0,0.769231,0.666667,0.435897,0.74359,29.5814257542994
0.435897,0.948718,0.128205,0.102564,0.589744,0.282051,0.641026,0.794872,57.6436872890071
0.333333,0.333333,0.974359,0.153846,0.564103,0.846154,0.948718,0.051282,27.1742364049266
0.076923,0.384615,0.871795,0.923077,0.512821,0.897436,0.923077,0.666667,21.148967929932
0.74359,0.307692,0.25641,0.820513,0.461539,0.205128,0.897436,0.205128,111.527874113985
0.384615,0.666667,0.74359,0.846154,0.230769,0.948718,0.538462,0.538462,52.7182401836718
0.692308,0.794872,0.307692,0.717949,0.538462,0.871795,0.846154,0.102564,76.2167042025936
0.589744,0.435897,0.897436,0.74359,0.487179,0.076923,0.128205,0.25641,119.793935558865
0.102564,0.871795,0.717949,0.897436,0.666667,0.230769,0.589744,0.358974,30.9106622329885
0.205128,0.076923,0.230769,0.128205,0.923077,0.769231,0.615385,0.820513,26.4275473705124
0,0.692308,0.333333,0.512821,0.74359,0.333333,0.358974,0.871795,21.7580015564497
0.25641,0,0.846154,0.692308,0.076923,0.461539,0.410256,0.564103,46.8031308520456
0.282051,0.025641,0.564103,0.230769,1,0.128205,1,0.282051,36.1509805803183
0.948718,0.948718,0.487179,0.461539,0.666667,0.538462,0.794872,0.128205,118.843661602344
0.820513,0.846154,0.641026,0.435897,0.820513,0.051282,0.564103,0.769231,146.767520750523
0.615385,0.641026,1,0.564103,0.487179,0.153846,0.871795,0.051282,81.7274092648392
0.128205,0.897436,0.538462,0.358974,0.794872,0.384615,0.25641,0.615385,31.4673779202932
0.333333,0.128205,0.410256,0.307692,0.025641,0.410256,0.717949,0.74359,45.4997723718098
0.435897,0.076923,0.974359,0.179487,0.358974,0.512821,0.076923,0.102564,59.3262825862889
0.846154,0.333333,0.897436,0.051282,0.948718,0.615385,0.512821,0.461539,97.0211907821417
0.717949,0.384615,0.820513,0.769231,0,0.307692,0.666667,0.897436,126.000410536052
0.307692,0.923077,0.717949,0.589744,0.282051,0.564103,0.974359,0.153846,36.629110988856
0.384615,0.589744,0.512821,0.205128,0.102564,0.820513,0.230769,0.538462,46.6382113285931
0.871795,0.282051,0.794872,0.871795,0.564103,1,0.820513,0.717949,116.47175900908
0.179487,0.179487,0.358974,0.487179,0.051282,0.358974,0.769231,0.358974,30.3087518132591
0.153846,0.230769,0.153846,0.025641,0.179487,0.974359,0.74359,0.974359,18.4101512814384
0.051282,0.692308,0.846154,0.384615,0.692308,0.692308,0.307692,1,22.4785013774918
0.358974,0.717949,0.128205,0.641026,0.435897,0.74359,0.333333,0.179487,50.2649632665626
0,0.615385,0.615385,0.615385,0.923077,0.794872,0.282051,0.820513,19.1984615530931
0.974359,0.307692,0.282051,0.333333,0.769231,0.641026,0,0.589744,169.950752691386
0.410256,0.769231,0.461539,0.794872,0.205128,0.923077,0.102564,0.025641,59.8055651714851
0.897436,1,0.666667,0.666667,0.512821,0.179487,0.692308,0.846154,164.246102382244
0.102564,0.461539,0.871795,0.948718,0.384615,0.589744,0.179487,0.564103,34.4351281082103
0.692308,0.487179,0.948718,0.410256,0.589744,0.435897,0.153846,0.641026,118.593080515594
1,0.153846,0.769231,0.974359,0.153846,0.717949,0.025641,0.230769,203.8911267011
0.641026,0,0.051282,0.282051,0.641026,0.025641,0.051282,0.410256,122.298506435216
0.025641,0.974359,0.923077,0.076923,0.538462,0.25641,0.461539,0.512821,18.5278568597424
0.205128,0.410256,0.179487,0.25641,0.076923,0.102564,0.384615,0.205128,37.0456011700394
0.25641,0.435897,0.025641,1,0.410256,0,0.487179,0.487179,57.5981078493993
0.794872,0.512821,0.307692,0.538462,0.615385,0.487179,0.205128,0.923077,148.505038958787
0.769231,0.74359,0.230769,0,0.461539,0.666667,0.435897,0.25641,80.4446171326258
0.589744,0.794872,0.435897,0.102564,0.128205,0.282051,0.641026,0.948718,80.1049205556573
0.564103,0.051282,0.333333,0.153846,0.974359,0.846154,0.948718,0.333333,47.0331131491783
0.512821,0.666667,0.076923,0.923077,0.871795,0.897436,0.923077,0.384615,61.4823182677619
0.461539,0.205128,0.74359,0.820513,0.25641,0.205128,0.897436,0.307692,68.2676074064276
0.230769,0.538462,0.384615,0.846154,0.74359,0.948718,0.538462,0.666667,36.9840892813601
0.538462,0.102564,0.692308,0.717949,0.307692,0.871795,0.846154,0.794872,66.5727737032097
0.487179,0.25641,0.589744,0.74359,0.897436,0.076923,0.128205,0.435897,102.260943313299
0.666667,0.358974,0.102564,0.897436,0.717949,0.230769,0.589744,0.871795,127.507397310944
0.923077,0.820513,0.205128,0.128205,0.230769,0.769231,0.615385,0.076923,91.7141913328301
0.74359,0.871795,0,0.512821,0.333333,0.333333,0.358974,0.692308,128.930645781141
0.076923,0.564103,0.25641,0.692308,0.846154,0.461539,0.410256,0,24.2190026847848
0.230769,0.564103,0.282051,1,1,0.282051,0.128205,0.025641,52.351433799158
0.461539,0.487179,0.948718,0.666667,0.794872,0.128205,0.538462,0.948718,86.0655300598886
0.435897,0.641026,0.820513,0.820513,0.564103,0.769231,0.051282,0.846154,82.5549176108921
0.564103,1,0.615385,0.487179,0.871795,0.051282,0.153846,0.641026,112.949942098424
0.358974,0.538462,0.128205,0.794872,0.25641,0.615385,0.384615,0.897436,63.5783385015424
0.307692,0.410256,0.333333,0.025641,0.717949,0.74359,0.410256,0.128205,31.2780513371703
0.179487,0.974359,0.435897,0.358974,0.076923,0.102564,0.512821,0.076923,33.0324455541304
0.051282,0.897436,0.846154,0.948718,0.512821,0.461539,0.615385,0.333333,24.0049069001029
0.769231,0.820513,0.717949,0,0.666667,0.897436,0.307692,0.384615,75.7220818952386
0.589744,0.717949,0.307692,0.282051,0.974359,0.153846,0.564103,0.923077,93.7241495625218
0.205128,0.512821,0.384615,0.102564,0.230769,0.538462,0.820513,0.589744,26.1234087639571
0.871795,0.794872,0.871795,0.564103,0.820513,0.717949,1,0.282051,99.3820735210588
0.487179,0.358974,0.179487,0.051282,0.769231,0.358974,0.358974,0.179487,59.8426600448472
0.025641,0.153846,0.153846,0.179487,0.74359,0.974359,0.974359,0.230769,10.4970142654813
0.384615,0.846154,0.051282,0.692308,0.307692,1,0.692308,0.692308,46.6975242284166
0.641026,0.128205,0.358974,0.435897,0.333333,0.179487,0.74359,0.717949,96.9448938999959
0.615385,0.615385,0,0.923077,0.282051,0.820513,0.794872,0.615385,83.9698233917549
0.333333,0.282051,0.974359,0.769231,0,0.589744,0.641026,0.307692,48.1585438444517
0.794872,0.461539,0.410256,0.205128,0.102564,0.025641,0.923077,0.769231,114.490259011946
0.666667,0.666667,0.897436,0.512821,0.692308,0.846154,0.179487,1,104.612990131861
0.948718,0.871795,0.102564,0.384615,0.179487,0.564103,0.589744,0.461539,130.832492808853
0.410256,0.948718,0.692308,0.589744,0.153846,0.641026,0.435897,0.487179,58.7971648495048
0.974359,0.769231,1,0.153846,0.025641,0.230769,0.717949,0.153846,126.606481408745
0.282051,0.051282,0.641026,0.641026,0.051282,0.410256,0.025641,0,52.8088017960051
0.076923,0.923077,0.025641,0.538462,0.461539,0.512821,0.25641,0.974359,29.0050311983955
0.25641,0.179487,0.205128,0.076923,0.384615,0.205128,0.102564,0.410256,44.9170669624748
1,0.025641,0.25641,0.410256,0.487179,0.487179,0,0.435897,189.431759203135
0.538462,0.307692,0.794872,0.615385,0.205128,0.923077,0.487179,0.512821,67.1197450208881
0,0.230769,0.769231,0.461539,0.435897,0.25641,0.666667,0.74359,18.9752387687038
0.102564,0.435897,0.589744,0.128205,0.641026,0.948718,0.282051,0.794872,19.7812817036351
0.153846,0.333333,0.564103,0.974359,0.948718,0.333333,0.846154,0.051282,30.7729321518517
0.923077,0.076923,0.512821,0.871795,0.923077,0.384615,0.897436,0.666667,153.609304599843
0.820513,0.74359,0.461539,0.25641,0.897436,0.307692,0.205128,0.205128,128.687526328304
0.846154,0.384615,0.230769,0.74359,0.538462,0.666667,0.948718,0.538462,112.944964910136
0.717949,0.692308,0.538462,0.307692,0.846154,0.794872,0.871795,0.102564,67.2645994326698
0.74359,0.589744,0.487179,0.897436,0.128205,0.435897,0.076923,0.25641,148.464779652978
0.897436,0.102564,0.666667,0.717949,0.589744,0.871795,0.230769,0.358974,140.596070290776
0.128205,0.205128,0.923077,0.230769,0.615385,0.076923,0.769231,0.820513,28.6810877568433
0.512821,0,0.74359,0.333333,0.358974,0.692308,0.333333,0.871795,71.3662769177578
0.692308,0.25641,0.076923,0.846154,0.410256,0,0.461539,0.564103,139.594190999635
1,0.025641,0.282051,0.282051,1,0.564103,0.230769,0.128205,145.85953860717
0.666667,0.948718,0.948718,0.128205,0.794872,0.487179,0.461539,0.538462,83.9563819320769
0.820513,0.846154,0.820513,0.769231,0.564103,0.641026,0.435897,0.051282,121.185960303377
0.487179,0.641026,0.615385,0.051282,0.871795,1,0.564103,0.153846,38.1261104885196
0.794872,0.897436,0.128205,0.615385,0.25641,0.538462,0.358974,0.384615,126.20879666882
0.025641,0.128205,0.333333,0.74359,0.717949,0.410256,0.307692,0.410256,23.8037462916839
0.358974,0.076923,0.435897,0.102564,0.076923,0.974359,0.179487,0.512821,38.4475850110577
0.948718,0.333333,0.846154,0.461539,0.512821,0.897436,0.051282,0.615385,150.845560582011
0,0.384615,0.717949,0.897436,0.666667,0.820513,0.769231,0.307692,15.9385010436193
0.282051,0.923077,0.307692,0.153846,0.974359,0.717949,0.589744,0.564103,32.5760856820823
0.102564,0.589744,0.384615,0.538462,0.230769,0.512821,0.205128,0.820513,31.4499587851058
0.564103,0.282051,0.871795,0.717949,0.820513,0.794872,0.871795,1,74.4551269722417
0.051282,0.179487,0.179487,0.358974,0.769231,0.358974,0.487179,0.358974,21.1254173477693
0.179487,0.230769,0.153846,0.974359,0.74359,0.153846,0.025641,0.974359,59.3800748534731
0.692308,0.692308,0.051282,1,0.307692,0.846154,0.384615,0.692308,116.191690432743
0.435897,0.717949,0.358974,0.179487,0.333333,0.128205,0.641026,0.74359,62.9343122022298
0.923077,0.615385,0,0.820513,0.282051,0.615385,0.615385,0.794872,156.49765220559
0.769231,0.307692,0.974359,0.589744,0,0.282051,0.333333,0.641026,140.748968895458
0.205128,0.769231,0.410256,0.025641,0.102564,0.461539,0.794872,0.923077,28.0713287796464
0.512821,1,0.897436,0.846154,0.692308,0.666667,0.666667,0.179487,68.581301980748
0.384615,0.461539,0.102564,0.564103,0.179487,0.871795,0.948718,0.589744,41.8081788780363
0.589744,0.487179,0.692308,0.641026,0.153846,0.948718,0.410256,0.435897,74.9982508185243
0.153846,0.153846,1,0.230769,0.025641,0.769231,0.974359,0.717949,20.7125545392564
0.641026,0,0.641026,0.410256,0.051282,0.051282,0.282051,0.025641,105.109798843275
0.538462,0.974359,0.025641,0.512821,0.461539,0.923077,0.076923,0.25641,72.5311738201405
0.076923,0.410256,0.205128,0.205128,0.384615,0.179487,0.25641,0.102564,24.3961742152248
0.410256,0.435897,0.25641,0.487179,0.487179,0.025641,1,0,52.5601707496402
0.615385,0.512821,0.794872,0.923077,0.205128,0.307692,0.538462,0.487179,108.393565474093
0.461539,0.74359,0.769231,0.25641,0.435897,0.230769,0,0.666667,85.4045657215875
0.128205,0.794872,0.589744,0.948718,0.641026,0.435897,0.102564,0.282051,38.6720559418365
0.974359,0.051282,0.564103,0.333333,0.948718,0.333333,0.153846,0.846154,190.496424215124
0.871795,0.666667,0.512821,0.384615,0.923077,0.076923,0.923077,0.897436,138.521108074771
0.25641,0.205128,0.461539,0.307692,0.897436,0.74359,0.820513,0.205128,27.8170960868687
0.74359,0.538462,0.230769,0.666667,0.538462,0.384615,0.846154,0.948718,116.888311094665
0.307692,0.102564,0.538462,0.794872,0.846154,0.692308,0.717949,0.871795,47.7639924626831
0.897436,0.25641,0.487179,0.435897,0.128205,0.589744,0.74359,0.076923,107.559651282776
0.717949,0.358974,0.666667,0.871795,0.589744,0.102564,0.897436,0.230769,113.084705805075
0.230769,0.820513,0.923077,0.076923,0.615385,0.205128,0.128205,0.769231,44.450057456219
0.333333,0.871795,0.74359,0.692308,0.358974,0,0.512821,0.333333,60.9690658806866
0.846154,0.564103,0.076923,0,0.410256,0.25641,0.692308,0.461539,105.363421482661
